-- --------------------------------------------------------
-- Host:                         127.0.0.1
-- Server version:               10.11.1-MariaDB - mariadb.org binary distribution
-- Server OS:                    Win64
-- HeidiSQL Version:             11.3.0.6295
-- --------------------------------------------------------

/*!40101 SET @OLD_CHARACTER_SET_CLIENT=@@CHARACTER_SET_CLIENT */;
/*!40101 SET NAMES utf8 */;
/*!50503 SET NAMES utf8mb4 */;
/*!40014 SET @OLD_FOREIGN_KEY_CHECKS=@@FOREIGN_KEY_CHECKS, FOREIGN_KEY_CHECKS=0 */;
/*!40101 SET @OLD_SQL_MODE=@@SQL_MODE, SQL_MODE='NO_AUTO_VALUE_ON_ZERO' */;
/*!40111 SET @OLD_SQL_NOTES=@@SQL_NOTES, SQL_NOTES=0 */;

-- Dumping data for table forum_system.comments: ~20 rows (approximately)
/*!40000 ALTER TABLE `comments` DISABLE KEYS */;
INSERT INTO `comments` (`id`, `post_id`, `user_id`, `content`, `date_created`) VALUES
    (1, 11, 1, 'Great list of libraries! I had never heard of Vaadin before, but it looks like a great option for building web apps. Thanks for sharing!', '2023-02-11 21:43:57'),
    (2, 12, 6, 'I never really understood how garbage collection worked in Java, but your explanation made it much clearer. I\'ll definitely be more mindful of memory management in my future projects.', '2023-02-12 08:44:53'),
    (3, 15, 6, 'I wish I had read this post before I started my last project. I fell into the trap of hardcoding values, which made my code much harder to maintain. Thanks for the tips!', '2023-02-13 14:54:25'),
    (4, 14, 8, 'As someone who knows both languages, I think it really depends on what you want to do. If you\'re interested in data science or machine learning, Python is probably the way to go. But if you\'re building enterprise applications, Java is still the king.', '2023-02-13 16:11:21'),
    (5, 15, 7, 'This is exactly what I was looking for! I\'m working on a project that requires real-time chat, and I was struggling to get it working with Java. Your tutorial made it so much easier. Thanks a lot!', '2023-02-14 12:46:56'),
    (6, 13, 9, 'I\'ve used Apache Struts before, but I didn\'t realize it was no longer supported. Thanks for the heads up! I\'ll definitely be exploring other options for my next project.', '2023-02-16 12:47:16'),
    (7, 14, 8, 'I like that you covered both the strengths and weaknesses of each language. It\'s important to have a balanced perspective when making a decision like this. Thanks for the insights!', '2023-02-17 09:50:11'),
    (8, 15, 10, 'I\'m glad you mentioned the importance of testing. It\'s easy to forget about testing when you\'re caught up in the excitement of building something new. But it can save you a lot of headache in the long run!', '2023-02-17 12:49:04'),
    (9, 15, 9, 'I never really understood how to use WebSockets before, but your tutorial made it much clearer. I\'m excited to start experimenting with them in my own projects.', '2023-02-18 12:49:46'),
    (10, 12, 10, 'This is a great overview of Java memory management. I wish I had read something like this when I was first starting out with Java. Thanks for sharing your expertise!', '2023-02-19 12:52:06'),
    (12, 1, 13, 'Java is a versatile language used for creating a wide variety of applications. Its ability to run on multiple platforms and its rich set of libraries make it a popular choice for developers. Thanks for explaining its importance!', '2023-02-20 15:00:00'),
    (13, 8, 14, 'I completely agree with you. Despite the rise of newer languages and frameworks, Java remains one of the most widely-used languages in the world, and for good reason. Its versatility and reliability make it a great choice for many applications.', '2023-02-20 18:50:00'),
    (14, 2, 1, 'This is a great guide for anyone interested in becoming a Java developer. I especially appreciate the emphasis on continuously learning and expanding your skill set.', '2023-02-21 15:06:45'),
    (15, 2, 14, 'Thanks for sharing these resources! As a self-taught developer, I\'m always on the lookout for good learning materials. I\'ll definitely be checking these out.', '2023-02-21 18:06:00'),
    (16, 2, 14, 'Thanks for these tips! Writing efficient code is so important for making sure applications run smoothly and quickly. I\'ll definitely be keeping these principles in mind.', '2023-02-22 10:50:00'),
    (17, 4, 7, 'Debugging can be one of the most frustrating parts of programming, but these tips definitely make it easier. Thanks for sharing!', '2023-02-22 17:56:45'),
    (18, 1, 5, 'I\'m relatively new to Java and I found your post on sorting algorithms to be incredibly helpful. Your explanations were easy to follow and understand. Thanks for taking the time to share your expertise!', '2023-02-23 10:00:00'),
    (19, 7, 10, 'Your tutorial on multithreading in Java was really helpful. I\'ve struggled with this concept before, but your explanations and code snippets made it much easier to understand. Thanks for sharing your knowledge!', '2023-02-23 12:52:00'),
    (20, 6, 6, 'Your post on object-oriented programming in Java was a great read. I especially liked how you broke down the principles and provided clear examples. I learned a lot from your post!', '2023-02-23 17:10:12');
/*!40000 ALTER TABLE `comments` ENABLE KEYS */;

-- Dumping data for table forum_system.likes: ~6 rows (approximately)
/*!40000 ALTER TABLE `likes` DISABLE KEYS */;
INSERT INTO `likes` (`user_id`, `post_id`) VALUES
                                               (1, 1),
                                               (1, 2),
                                               (6, 5),
                                               (7, 5),
                                               (10, 10),
                                               (14, 12);
/*!40000 ALTER TABLE `likes` ENABLE KEYS */;

-- Dumping data for table forum_system.permissions: ~15 rows (approximately)
/*!40000 ALTER TABLE `permissions` DISABLE KEYS */;
INSERT INTO `permissions` (`user_id`, `is_deleted`, `is_blocked`, `is_admin`) VALUES
                                                                                  (1, 0, 0, 1),
                                                                                  (2, 0, 0, 0),
                                                                                  (3, 0, 0, 0),
                                                                                  (4, 0, 0, 0),
                                                                                  (5, 0, 0, 0),
                                                                                  (6, 0, 0, 0),
                                                                                  (7, 0, 0, 0),
                                                                                  (8, 0, 0, 0),
                                                                                  (9, 0, 0, 0),
                                                                                  (10, 0, 0, 0),
                                                                                  (11, 0, 1, 0),
                                                                                  (12, 0, 1, 1),
                                                                                  (13, 1, 0, 0),
                                                                                  (14, 0, 0, 0),
                                                                                  (15, 1, 1, 1);
/*!40000 ALTER TABLE `permissions` ENABLE KEYS */;

-- Dumping data for table forum_system.phones: ~1 rows (approximately)
/*!40000 ALTER TABLE `phones` DISABLE KEYS */;
INSERT INTO `phones` (`user_id`, `phone_number`) VALUES
    (1, '347-173-8817');
/*!40000 ALTER TABLE `phones` ENABLE KEYS */;

-- Dumping data for table forum_system.photos: ~1 rows (approximately)
/*!40000 ALTER TABLE `photos` DISABLE KEYS */;
INSERT INTO `photos` (`user_id`, `photo`) VALUES
    (1, _binary 0x2f396a2f34414151536b5a4a5267414241514541594142674141442f3277424441414d4341674d4341674d4441774d4541774d45425167464251514542516f484277594944416f4d4441734b4377734e44684951445134524467734c4542595145524d55465255564441385847425955474249554652542f3277424441514d454241554542516b4642516b554451734e464251554642515546425155464251554642515546425155464251554642515546425155464251554642515546425155464251554642515546425155464251554642542f7741415243414559415267444153494141684542417845422f38514148774141415155424151454241514541414141414141414141414543417751464267634943516f4c2f3851417452414141674544417749454177554642415141414146394151494441415152425249684d5545474531466842794a7846444b426b61454949304b78775256533066416b4d324a7967676b4b4668635947526f6c4a69636f4b536f304e5459334f446b3651305246526b644953557054564656575631685a576d4e6b5a575a6e61476c7163335231646e643465587144684957476834694a69704b546c4a57576c35695a6d714b6a704b576d7036697071724b7a744c57327437693575734c44784d584778386a4a79744c54314e585731396a5a32754869342b546c3575666f3665727838765030396662332b506e362f38514148774541417745424151454241514542415141414141414141414543417751464267634943516f4c2f385141745245414167454342415144424163464241514141514a3341414543417845454253457842684a425551646863524d694d6f454946454b526f62484243534d7a55764156596e4c524368596b4e4f456c3852635947526f6d4a7967704b6a55324e7a67354f6b4e4552555a4853456c4b55315256566c64595756706a5a47566d5a326870616e4e3064585a3365486c36676f4f456859614869496d4b6b704f556c5a61586d4a6d616f714f6b7061616e714b6d7173724f3074626133754c6d367773504578636248794d6e4b3074505531646258324e6e613475506b3565626e364f6e7138765030396662332b506e362f396f4144414d42414149524178454150774436533854613946345a304f652b6b594351445a43702f69636a67443664543743766e3234755a39516d655764326556324c4d37456b6e4f613648346b654b7637653135306a662f51725064484631495039352b50584835666a5846364871696131716d6f574672464a4a39686e53326554733078415978726764564251452b72594763477070773555645a363738476644596b6c6e31655a4273684a686733442b4c487a456651667154587230512b586e4f65395a4868335230304852624f7756564452702b385963626e4a2b592f6e2f414572586a2b364d6a6e7658504f584e496766546c7a787a31394b625431485444647576705541534c6e67644430342f7a2f6b3149446a762f6e464e39542f6b63553576623348362f7743667a6f51456e50544a7a5338686836306e66337a2f414a4e4b6f3363657566355657704250486b37522b656635314b7655653535355054482f414e656d49666e7a6e6e725434774f423944782f6e2f50387a55736b2b392f582f50346e3961586366552f6e2f6e2f5034556e706e482b51662f72557138747a2f6e2f50502b633061674531776c72444a4e4b34534f4d466d596e674166354e664a66375458787976507473506872773964474857723553596d41422f7336317a7461375966384150516e4b52673957396c4f6652763267666a4a62654439466e524932757772694347316a494433747966755171633841594a5a763451724d65414d2f484d623355393164366a714d365865746167346d7672744677486344436f767047672b564637416570624e546b7155623954616a536333666f4c70396e6236505a77324e71754c654559424c5a5a324a7958646a797a45386c6a314f545772486250493251724d43654e716b392f384136782f50386170322b4d67676a4a47477a30412f7a697369382b482f41495831426d4d2b68575a646a6b764647596d4a2b7146546e38613835506d6435487162614a485378777648393557475071422f6e2f436e633848727a6e4936636366345679555077303069444273626e57644a36594e6a7130363976526d595935422f4370342f43336943314a2b77654d7278683258564c53473639503473493355487561713058314e59796c46624857782f367463644d5539663137567a495878706268662b5265314a63386e2f41456931636a38504d476576624653782b4a4e59746366326834533142446e426b30713568766c502f415179503348384a6f356462584b396f72616f3655666547656563632f57724344737654466371767843384f656362653831502b794c72672f5a3956686b744741394d7971462f552f317270724361445649316d744a34627950744a62794c4b507a556d706c467264454f53657a4a633954332b6c5332796e7a6b4a42323535394d6436456a5a6d326c756f7a776331626a6a41774d6268774b555553656c2f73713343743847624854742b2b5852645176744c6b34775235647a4956482f41487736563742476a4d33494f5163644f3965436673763667317234702b4a656746647361336c72724d4b2f3966454f795848505466442b7635665153703879382f4e6a485876672b6e30723359766d696d6a773669355a4e434b7049497766626e2f50625038416b314e436f786a6a48312f6c524776336344734d357a6b6635465452723037443272537847703358674751744264526e6f475567656e622b67727131584f4f4f4f754d66353936347277464a747670492f7743394766304e643378584e4a616b337349422b487254364b4b5669416f6f6f6f59483572654b7645582f41416a33682f554e54387637524c43753247487235307a454a46482f414d43646c4765754d2b6e506f6e374f2f675a744c6d674538763270744e6a6165357541636965366b597337353735637533344c365635586569545850472b6c36636f3357756c722f616c312f462b394f55746c2b6f2f6553647675715258315a384d6447585266434e6f63596d7576394966507639337030774d666e56314a576964544f74584b746a763050352f352f4f724656342f764430586e2f503631592f6c5847534b6f2f54327a556965343766384131366a566433547255694450312f3841726638413171414a467a2b7650487454315850484278782f4d55305a322b6d52782f6e385030707777633848387141482f6f443638564a4839372b645662573768756c646f58456b614f55334b4f4356363450516a7478786e4e57346b2b6247505956576f4573655175632f354653522f6e6a6a39663841502b54535267385939522f6e3836657651642f72332f7a2f41466f3141586e2f41442f6e312f725848664537787a622b444e426d6b61356a7458387070704c6955674c6277714d76497837414b447a396653756e3154556f7448303665386e5037754a533241526c6a30414875542f5376686a342b664557623468654b626e773872475454374f534f66564a463557575559654b30393155624a4a507247703769726a61334d796f78636e5a4847654950466c783851504544613963524e4459527130576b576b792f504441324e307a6a744c4c74424950335543722f65716f7536544f546b2f79707971307a396553657039547a566d4b4d4b755277324d35352b7561382b704f5653577036385971437368495532343966702f6e322f795455365273636a48474d3866542f50705372474635376a702b5653717079647032746a6a5035656e2b654b67336a447177574d535a4941776638636634314d735958734f76703070792f4e557355654d34422f443850796f4e577871727a672f54765530634c62733579503841395a70795237534d597a6e76557363656567346267346f314d58496a7549526457736b44484d624b5641324b3672783132734376485042474f4b382b314434546c4a7a634c6f4f69616d774a784c59504c6f39336e2f746d544778397a6a703046656d78784b72594a4f376a2f5038416e31717a48466a746a7656786b305a63716c6f65544c6433766874774a7645506962773069742f7a4d646e46716c6c6b385946776e4b6a334c6a384b362f5476456e69453269335a3062542f4142467035556b583368712f567732427a694f5447543134446e30727359315a534d486237386a5048537343362b482b6a5846334a65576355326861684a393638306558374b373953433671504c666e2b2b6872546d69315a6f584a4b4f715a612b43666a36782f346156307133672b33576b6d7536486332467870312f5a766253704c41776e6a5968687a38766d72775350362f596f6a327363646657766854784666654a2f412b6f654576456c374c616133592b4874596776707451534d57743344626c6a484f476947556b566b6b354b4653436f4f30344f5076484335624234367166384150745870554775553876454a71643331474b767030485370465139686e302f7a36304b76747a332f41447164564252523135376338632f2f41463636577a6e314e3377652f6c36764156364e755538644d6a2f3631656931356a6f722b5265573745344b757039636331366458504968685253625253314a49555555557832507a642b4348687158784665432f6d4447353852587076356d78677062343277706e305746563639324a72362b6a55527871696a434b4146556475503850355635483844504479516d37765652556774343174594142776f326a49483055415637417365343441777566364373717231534f6957342b4a66347363394f76583371576b5541446970465848626e702f38415772455144377550586d70465537547833464b712f4c3335376e2f4838366b586e486f65654f762b657441434b7659592f7744312f774352584f61397155326f3670466f466849797953484e314f7566336166784436347a6e487142336f3861654b6c3047302b7a57376733306734352f774255702f695076365566446e513273374674537546503271387951584a4a435a7a6b2f55382f6857696a5a5859655a314e76617832734b517849466a6a554b716766644146576b586b647552332b6e742f6e464b6967594876312f482f36332b6574534c362f6c2b6e2b66386a4536674942387654715036662f414b366b5664787a372f35352f45666c516f78366e2b662b65745a66696a5845385036485064466b4570425749736341755277666f4f76304270705849504466326f7669392f7769656c4a702b6d694f6656357054613666424a397953354b354c73422f797a6954633748384f3472355230335476374c744262724e4a637475615353366b624d6b38724d5765567a2f41486d5a6d5935374848617448582f46422b4a506a4b3938556c6e66546b567244534e784f4462682f77423563592f76544f4d35344f78464872517357574f654479636e716638415058386178725358774939544430375276314772455678745867415a34716456433450635979656e74536f767a416444786e2f5035314f73654d484849474b35443059783564526b63653448634d63597a2f6e36564f7359786a474236596f56547a6b66352f7a2f41437156564448476355464e6847684f446b37632b68715a46433447654d3537557135544730386a6b5a4e5372455a4f6e544f4d6a30396366353630616d4c647849347a4944744f4e76556b31617434326a55676e494a34464f534d4c6a4657466a4730647a545768477374424931324c676a4834314b716c6670396145586f5277516653706b6a353666544e4932533552736365376e6f4b6d574c6f63636a6b397164734f37706a2f36315368634c77477750772f7a2f4149555873524b52692b4d3946667842344a312f544977544e64324530614b50372f6c6e61507a78583078384b646550697234582b454e594a4c5333326b3273306a5a79643569554f443737677772776d4e646a4b32334f336b2f682f77447136653376587050374b6c30386e777062534a446c394231692f77424b352f754a4d7a782f543933496f783278586f595357365a35754931535a36334848383241636a4f536348313471654f4d647576427a37554b6e6631505848577073666e586f616e42715357773273426a474d5972303643547a6f5935422f456f623878586d734b34355048312f482f50343136446f55676d306d33626e3556326e6e304f5036566e496b75675575445439754f2b50536c774e33474d383950382f77436356467747343976382b74464f344831397a5253412b642f68336f353076776a59526c51736b792b664965684a5935482f4149376a2f504e645350756a7453517743474a4930586169414b50514163416679715a463359347a2b5835567a4e33647a5545586e30492f7a2b6453717546474277652f3046415867656d4f50382f72556d3363632b3949424e6d376738667a36663841363679504650696533384d57426c59683775516675596637782f76482f5a475078365663317257494e413039377564756e456365514449334f46483439613854316a56726a5874516b754c7432643362706a37712b6748595972616e446d44314e5051374f3438562b493046773779535476766d6b627267646630342f4c6976644959566a565930586169674b464854302f6c2f49394b38392b45756a68593772555848502b7054507067456e387344383856364d465059632f352f7a2b644f6f396241433533416e312f77703671654f507a6f56663775656e483543704d646636316b533249767a45647a3048765879582b325238534a4c714f303846365a6453525847734e4a61764c4431687330412b317935374535574a63393350706d76716a5874534f6a364c64335149447175314e7834336e675a39736e394b2f4f476257355048766a62582f46724d5a6261386b2b7736566e42785a5173775668782f79316b4d6b683639756c567a636b584a6d7447484e4f784c426278774973554b4347474e516952786a355641414155656d4141426a734b6d525378414741426a6764423950797079786e6370774f65666d79436566386e38616c6a6a3271774179423035353731357a64395436474b55554a48487442505833365948702f4f7064754d3535507432357055586b4450754b6d52446a505145666a53314535434c47656567794d657454594f426b484f4f6e2b653148474165516651392f382f774346574972662b4a7544324850464c557862477852627371777752324139656638415031713344466763634c6a3070593452754a365a39716e56506248666e6a3861594b4c653469783838444248586d704655386e47652f536e4c4765422f57706f313272794f663841396442706f687177397a7a37484836314f67446335392b744b7135584a36397670362b315478786e307947476364522f6e2f505369356c4b5178497a74474f684847342b762b5455364b654f76503841462b482b496f6a486d4e3134344a357a2f6e36315a6a682f756a4136306b6a4a735973513434795431343954307a3372722f32646451577838642f45485147774575445a36354175662b656b5a743563653465425366384165726d6f384142515170376e2f507542567634647a4c6f767837384f334c445975736154656153636e475a493253356a474f3532724e2b527274772b6b7a437446756d7a3657566666614278375649716265414f66382f2f4146715656366a722f4c762f41494370414f4d6477503841502b6665765531504b466a586267444838383961376a776d78625457582b354b527837344e6358476e4f652f504664583450623572694d647772443635786d733562416447423050622f5039503839714d486231352f384172663841317163426e703666352f702b744c747a2f7744722f77412b6f7245427533626e48482b662f7243696e376566622f502b4e464b34486b436a6a50584234342f7a2f6e395a465838526e31362f357853714f7638416e2f5057704e767279542f6e4659476f6935483139366931432b74394a735a4c7137667934596879324f5436414431507055306b305674433830307178516f4e7a534f634144317a586a2f6a6a78592f69432b32524569786934696a3739446c6950552b2f51644f3961526a7a4d436a34703854542b4b4c77796c6d6a68553469694279464839536575617a4c6450336d6359427766586a6e6e3871693235554b4d34365936656c612b693242767451746f4647664f6b56514f7656687a2f4f757865366775653265454e4e2f737a77335951644845595a754f6478354f665472577971394d6450382f34555278434e565541425647414f744f5664335035567876563349464337756e51553556345048747a3271684a644762584c61796a427847686e6c4950344b7634386e3871315551746a4250413434372f352f774138557731506d2f3841626b2b4b556e77332b442b702f59335a4e547534446132636361376e61655946467833797165592f2f41425835546158342b2b4a5068573368747261363161433169554a46426332786b52564852517369456531666f6e2b304a716b6e6a54342f577363636a663266345a7332756b574e79416271664d635a342f75777875772f7743756c5977754a6c5668356b6d503775346b642b326662482b4f61365977356f366d7362394766456d6e2f7451654e4e5059666237585439515450506e5770694a2f474d7232727274482f613473325a563158777a4c454d637957563048352f3348582f3261767179347430766f3269755956756f7a77566d547a4165434d59495070333961774e552b4658677658454b332f6850534a32624a38794f30534a2f54716d302f72557644776651326a567152326b655761522b305a344131506276314f34303176377437614f7550785175502f77426464786f336a62773172685161663469307537643842593437744e354a3762535133345972493162396b6e3463617647664a734e52306d556b346178766a6a5050384d71763337416a70584661682b77745a7a536638537a78664e45503459373277566a313479795344366450384b77654554324c2b737a3632506350734a6a3273774f336a6e505531596a5535473465333172353058396d7634782b41314465465046556437446e497472572f65446366654f55424433376d754e305839724c787a3464754a4c5457725777316434584d6369334e74396e6d55716346637862526b594935556d7348686e4859316a6949333935483247712f774366355669336e6774626d366536737461317253356d66656673393658697966574f514f6d4f7647415070586a6d692f746e65484c72614e57384f366a70375935617a6c53345548364e734f4b394e384d2f486634662b4b746b646e346c744c57636a4968314547316250706c384a6e364e575873357831614f6e32744f6174633259644e385857532f75745a3076566b2f7558316739733539506e68596a50384177413961625034733162522b64573848616b30576366614e44644e526a39386f757956523955727256742f3353532f6569666c5a464f5649396a305066705530635a56674d6a643047617a3574645544374a6e4736543858504257703370746834677462432f512f4e6136707573705230344b7a426566782f5046647444454a49316c566c6b696244423077565070676a725658564e4530375859524671326e326d70774138523373437a443277474241726935766748704f6e534734384a617a72506765374a4c624e4c76476531593534335153457152374167656c4f4d597930324d395430614e647a644f503841363471777366796744473374394b387261362b4c6e676b2f76644e306a34696163756379574a476e33354875682b516e485a5153617436442b305234517674572f7366572f746e677a57516347793851516d415a5050384172507534397a6756664937585134754e375350546c6a48417838756135377831664477756644586972653063666833584c54554c68313672626c7a424f667035637a4534366747757168784e46484c47367644494e7953526b4657487170484248302f2f414635666a445154346b384736396f363850665745397576503854526b4b662b2b735551626a4a4d316d6c4b445239583845426c4f51514d4d423139503666353635666962784a612b464e5074727137566d5334767257775251636650504d6b4b6e3832465a50776238516e786a384a664275744f32366139306d326c6c50704a356172494f4f6844427134763971625547302f7766345545622b5735385561624f577a6762595a504f6250344a5873616e675731736530642f57742f77414a7965587141552f787151667a4272455a66336848624f5070576e6f4d6d7a5662667638414e6a723755704c514564736f366366352f7741696c2f384172667970324f6154622b50722f6858495055724e4e6a556b68482f50504a48343056527470764e3852543931436c5237674166346d6972614a5050646f353534783665332f7743716e4e74696a615752676b61676c6e63344367636b35394b644847577a6a6f50542f5072586d667841385a432b5a7450734a41746e45666e6b54724b7750592f33522b70724b4d584c59305770523863654e6d385154665a72596c64506a624b4b4f7368423464767836447439656e487433506671665450576c475a5a4d453536636b38347165474d4b334a4239546e4866396638667a7274696c46614438684934666d4a414249344f526e2f41442f396575782b4831694c6a784c5a66497579504c2f54415038413961754b3162556f394530612b314f5a476b6873626153356c52635a4b786f574948546b37667a4e656a2f412b356931327a6a31694f4a6f3435374747644659676c524b717541534f34427839615539454a6e7175326c65524c654635704778484775356a6e67447255697231347966362b6c6339343476785a36537473702f65584a414a2f32527966364375564b374a735265437048314338315455705141386a68526e6a4148494835663431763678654c70656a336c32374c47496f6d4a5a694142676466596634477333774a61655234665751395a336151357a303644384f4457483861746d6f654662587730485a4a2f4564326d6d44595348387467786d4978794d524c49633859716e7548552b5866432f676e78483477572b312b4c537279374f7533636c39484b7352432b513246743142494177496c6a2f4d3133566c38422f464e33686e7462653139726934556e6e412f6833652f48703756394a323976465a777851515272466278494934343058436f6f47416f413741592f4b706879443666537450617462497079506e7550396e66586d2b5a376a545639764f63392f38416371522f32653965546342507072397a2b2f59667a542b7661766f4a5236385649465058474f4f6e394b50617946632b6235766754346e687956734c65666e2f414a5a584b48313748487457646566436e784c59726d6252626a476553694c49507238704e66556d3368736e50636e3136382f6c2f6e72556f7a75626e4836652f7744576d7130684878786361666361544d4675345a6255352f35624955504831414f4b2f4d4c347a574a303334742b4d72637155323676644541396347566950304e663043584e6e4266526d4b35676a75497a2f77417335554444386a58347a66384142527a775662654466327150454c5764764861576d703274706678775244616f3352434e6942377645782b70702b3035747833756a776a524e4a67766450694c7771374d546b6e673954366531652b654850324e5631727737466461687245756b6168634658533257415372457654446e494f374a48415048663238312b43656d70662b4a2f44304d7968346d756c4c4b7935424166646a3863597a58337a744a796f3436726a7633786e6a6e763841673254307a55306f38306d3266686e4758456d4f796d76476a67353872626262333054736c5a36483535362f65654a7667543432314c5139453855585544576271486c734a70496f704474422b5a4477534d34494f526b47765150422f7743326c34723063704672326e32506947414835705176326134492f774235506c50346f6672586e6637514766384168636e69776e495032365159357a3239536550542b6c6566556e465333522b795a5a696174544255613153563553696d2f4e744a7654592f514877582b3152384f764679527063616b2f683239627262367368564d393853726c4d66377857765a6f4e7339764850464973384567334a4c47775a48485a6777344939362b547668663841736b3650346a2b476c6e6661356358746c72393670754935625a31327749514445724951513347485049507a4163593534627852344e2b4a6e374d6c312f61476a363163783645306d784c36796374624d787a745757463868536651676a72676d737059625336504e774847575634334754774e4f722b38693272505337585a374d2b3859303667726b2b6c565045486866522f47476e7459613970567072466d632f756232494f464a377165716e3355672b39664d4877392f626d676c38717a38616147497a786e55744a423659484c774f663156384473754f7630393452385861463438306c64563850616c42716c67547461534669436a386e593449444b32503453416534794b355847554e5437754e534652486c6b6e375047702b44626957362b46336a4f2b384c6c6a7662534e5159334e67352f7534494a412b6f623638556c722b3046726e7735314344542f697834536c30614232416a38516151446357456d447978414a49365a344f52303256376d6b5a42474d636339505438503841504e534e627858734d7476504448635730674b7952536f48535159364d4477773537306c55763841455a7969767336472f774473582b494c50585067764a613666634a6557576b3633714e6a4263524e6c5a49765061574d672b6d795666703071443971694f5456333044523479522f784c745731444136373074316a512f6e4d61722f414c4b76682b7738442b4c506952345930714a624853544e59367a61324b35435247346a644a6467374c7668366471762f4557542b33766a44716c7357334a70756a57316b716e6f4875486c6b6b2f48616b512b6846656c7a2b3564486e78692f61575a375a6f4f704a725767365a71434e6c4c7531696e586e6a353044663172613039776c7a43357a773450362f2f414636344c3448337a617038482f4264772f4576396c573862397a755241687a2b4b31336b505a68783348383676637765396a304c2b564e6b6352787335364b436679704c64743045626571672f7056447842632f5a39505a65386e792f68314e6336334a4d665135504d315a5850426663667a6f714c512b4e53674a376e484830502b464661324138672b495869345730556d6b32556d3652737263534c78676633416578504766516356356649766d53636359373968782f3841717161535a6d6d2b5937693253533358726e50366d694e656747547a2b4a2f7a2f6856786a5a574e74686b4d654647527a30795070782f685538616c69666c7a3334362f683738667a6f5253647171636c656e3456796678412b4a6c6c344b685454375a4974523853334d506d32756e4d7843716e547a356d412b5349454e2f744f6368636e4a4633355173323747542b30423434735042667778385251544753343154564e4d753765797372594235582f6373486b497a387363594f5863384447305a59675637312b797a434a506737346475386b2b627074697566554332547439546e4666456573523375723664724e317139362b7261766657556b647864544b464c6752734652564879704770623555586a75637353612b342f77426b795048374f58772f6c5962576b306d335a694f3445616a38754b356e506e5473585567344a583350576c584a4277446e2b386653764e5047576f663268725567567430635037704f68354135502f665250355636467131384e4c307535756d344d6163442f613641666d522b56654c336d7257756e33466b6c376343413331306c6e45547a766c66647455483377657670394b494c71596f3971385032336b614c595239434956372b6f362f71613566554a687158786369747744733066522f4f596b634353356c4b706a334332386d665a68363133554d596a696a5144415541414436567766674f59617863654a4e65366a5564566d696979636e796262467376506f57696b596637395a7933456a716c552b6e5054386163712f796f565430787a334246534b762b4f66302f7a394451416264725a7966623963667946534b7530645077783135482b4649716e487078302f48702f4f70565159476359366a306f4149314239786a507639632f3537314a742f4d656e516355713936647a6e2b6c5754635462362f577679712f344b3161464a612f4844777471705862426565486b69334c2f41424e466379352b75424976466671785835392f384665504373747834522b4850695a52694b78764c765470474842335452704b6e2f6f682f77412f656d74786f2b4b5067444b4966462f68747964754c7063444f4f636e323738597237763873716542745665684934414841362b6e706e6e714f3472382b6667337148324478467073785849747231474b393241634d66542f41434258364578714e7975707748414f34635a366b34482b6570726168764a4838772b4930585478304a64302f7741372f71666e6a2b3056616d332b4d76696c63426431327a64414f7167352f48722b4e587632642f684c503854504855416e6950384159326e4d747866534e6b4b564234692f336d50487341783756394a664762396d4f50346f654a46313754395a54533779574e457559706f544a484a74414738454d4344674159775163446d7654766870384f644c2b462f686d4852744c5465712f5050637341486e6b493564683236594148525142363170476b334c58592b6a7858486d45772b51553647446c6575344b4c566e37746b6b336436507973644d7361704371717171712f4b71716d31526a6a676467426e6a387666785439704c54702f486d6f65436668357037353148584e53575354616559595679706b50734276626e2b34667839766b6b53336865535752593434314c4e4a49774155415a4c4538666e302f4b754c2f5a39384c336678413865613138594c367a6c5852474d6d6a6547704a56777278786b69615652366e4733324c79442b4774717569743350692f44334b3535686d3678636c376c4c56767a656958366e6d503754503746326d36646f722b4a66683361545253577167336d67376d6b456b616f6379515a79642f4259783535796475302f4b66455032532f48442b44666a46704d4d737a51366672482f4574755275495669366778452b3463446e747572394c74616241746b516e4f637156626b59372f3539612f4f6239704c77615068542b30456d6f36664574765958303847745771784461735a3878544b6f78774d536f35474f784665644b53636e412f72694d65564b61503047386b6f7a4b33415849782b6c54787837654e753065702f782f7741396164784a695144377733685236486b442f503841577046554e673975336345662f71727a746a314f5875526643795354542f326c4752574378616e34536b797651733976654b52396343632f79727a33784e3469316677762b3046723369713576505038456549645a2f734b61496737624334743053434366505a5a4853534e756742323537563155336942504276786c384461354a7841756e3635444d716e6b71746f74786765764e76565051504237363538483464443176456c3371756d744a64796b5a49754a775a6d6650714a4a4d672b716731326336396e464d354f5439343265356673384b562b45656a77352f3439353732333537624c755a5150307230714d48626a4f4f4d444e6557667330793372664339626655595242663275703373567847474232755a6a496552312f316d6139575556325232504f6e38544f323039764d7359472f32425742346a75764f76424770473249662b506635785778597a6944526f3557364a486e387135536552704a4337456c6d4f6432652b632f7a714972556b756147502b4a6a4639632f352f4f69704e41582f695978486f4d456766685256506352386f4b764858484e545278747547427765427a7a302f772f7961534b4d746b63664d6651446e503656786e78492b4a51384b35306e534248632b49356f764d416c514e445a52747773736f7a7954744f794d66664979634a6b316264747a617a6b37495a38522f69706265454c684e4630794f4c552f457336435177794e6d47796849774a37672b685043786a445364734c6c7138616873326875723638754c6953393147386b383637763767356c754a414d626d50514144685647465159414135793631745667616151795358467a635347613475706d337933456836794f33566d507277414d41594178566d50356d484a393863397a332f4f764b725675663359374873304d4f7161764c63574e523563735955454d7047475048336344395458334a2b7a585a70616673382f44614650756a772f5a633439595153612b4a394e6a4a755956786b3547654f76493446665a33374a393139752f5a7a38424e6e6d505478626e476638416c6d3778342f3841484b716932307a6c786d365a3148784776764a734c6531552f4e492b386a3258702f5050345634463858704c533230587739643364346c674c6278526f3873545364533332324a536f42366b6f37394f774e657665504c77337575537871666b67555268667779542b5a50355638672f485457473864654a50454674424c76302f77414b774e46624b70797261694657615754307a4771787844304c53394b375731434e32634d497554736a373938576139622b4576432b743635647435647070646c506579736579527873352f52613876384132612f695634502b4a2f77703053627766716b643944593273567665577a664a633273323335684e47546c574c62794430627170494f616b2f616338514c4e2b7a54346c757256684c48724e6e62574b593533726479785245442f674d707238374e5338482b4b7632665047502f43785068446453576f6733473830583570556c677943305a6a7a2b396849484b5a334c6a63703442584a745831434e4e754c6b75682b73616a2b5851442b6e36314b713775326576586b64632f352f4776412f77426c6e397344776e2b3078706632614d4c6f506a4b336a333365677a53626936635a6c67624138794d6a72774751384d4d62575030427435394430342b677047594b6e7a5a35345038416e2b74534b4d59394b50705474745569515564716342316f2f77416d6e4b4b6b61514b506d412f70587a642f7755512b4863766a37396c667849397462766358756753773633456b5a7764735445536e3849586c62384b2b6c4170363448356668554f7136505a363970563770642f417478595830443231784334346b6964536a4b52376869507871396d55667a322b445a526133303852626b6265672b6f7a396359503172394650412b726a78423452306e55493256326d7430336265666d43345a5365755177505776686a3478664350562f3265766a4271766850574970472b777974396d753358617431614d66334d366e70745a656f7a3872423136715258752f37503841385872445174506b3054584c735739746b7a5731784a6b6f70593757546763413873446a71534d383170546b6f564e646d666958694a6c4e5847305931714565615564624c74733766677a36506a554275632b7666736366302f4c4e6333712b74746665494c54772f706b7846782f723732655072627844674b4432647963443047613433786c38644c4e696d6b2b456432723678645035556373616e79304a36625366764e30786a6a6a4a5072523162784a44384366446356676750694c346761354b766b32634b6d6153615a794658494133464177414339574c6343757156534d74497652627639443861792f49635535523571626453656b4939664f556c30533331335a6f2f46613931723468654c64452b4433677a612f6950784a4b46764a6334466e613433757a6b644235595a7a314a56634145754258337865664444522f68333846394a384b364a42354f6d2b48346f557439324e78326e44534f636373785a6d593979784e634a2b78332b7a484c38452f443131346c3857434f2f3841695a3468486d6170654d346c61316a4a334c6178763077506c4c37654759444756524d65732f466a5846306e776e50624142703734474256376863664d33344439534b354b6c546d626d7a2b702b477369703548676f595347736e724a3933312b5336487a76716b6e6e334475767a52394d63632b2f38416e2b6c664a5837663368597a654866436d764a48754e76504e5953736f357736626b476671723966553139613348337935344a2f44722f2b7576475032763841536c762f414e6e37586e4b372f7363397464413436625a417050354f6638385677786b334f37503043564e4b6d306a306e774871712b4a504150686656633768666156617a6e427a387a524a6e6b656a62713648377650667469764976325274592f746a396e767777753873396e35396b3372386b725948354d507a7232434a66336967676735394b695373326a5745727754504866326d64503144554e4938437861593777334e33346a68303570464f534972694757475566526b4c443861397638414b547a5033597775417163647532502f414b3155745130477a316162545a62714d79507039794c79333536536848554d6658416476787765316174744838774f4d4159787878317165626d696f6d4466553766344d6f49394c38515268516f477275774854686f59577a2b65613943554467657035727a76344f7a667676466c7675334d6c2f444b5233416131692f4c377072305a562b626b39446a702f6e7658725264306a7a716e784d324a3772793942746f6867744a6e5030422f774161787970624830482b663070356b5a3152574f516f414139426b6638413136525679526b636366722f4150724e557444493150443662623563663353656e7452556e68395439737a2f414c4a4a2f53696f6b31634434622b4933784a486868704e4a3063775858694b524d734a42766a7355626b53544c366b4546492b432f58685154586a64725a6d4579755a5a62696561567035376d64773873306849334f375947574f30646742674159414148306c592f73762b46644e746d6974373756664e6b64707269356d6d535357346d6237387273567958596a6b2f514441414656376a396d53305966364c72303663636564624b6631556a2b56654e55786b4b6a736d657851554b613133506e7459436f4134782f2b763841787164565041482f414e622f41447a587132762f414c50506958536c65537a57333165456444624e746b78302b34334a3437416d764f4a4e4d6c686d6b696b6a614f534e6972527431427a33486236477330314c593756556939694c54317863496638416148432f555639636673673351672f5a763042354f42617936696a636e674a657a397a3743766b2b32743356386c63647a6b5639492f7331366b4c58396e473468484d696135716c747478794e31374b333534624e64754831646a7a385a377952582b4b6e6a5a2f426667375850454f307a5836495261516e724e645373456854423747526c7a375a5061766e58772f6f7638415a2b6932326d7a532f61706d693258467935334e4e4b354a6c6b4a505863374f782b746437386474594773654d76447668706562625359763762752f547a6d445257712f2b6a35502b4172584b7170584c456369746352553155657759656e37742b353644385250466236352b792f38423950536261393964576775305056685932307a4f44394a59342f79726845486b754f5075347856442b305576394c38426150484b736a65483576456e6d5235424d596d764954466e30796a746a6a6f4b303158666b35774b353674376f33773865564f2f6338632b4a6e77466b3144566b3858654172755477393475743566745157316e4e7573306f3533704970486c532f375751704a35776554374a2b7a762f7755656c30752b6a3846664847306d3072574c6478422f77414a45747435597a6a6a3758436f79682f366178677163676c514d735a305539564a474f6e7239423738317a766a72345a2b482f6964707932757557516b614d59687649547375494f663448475342383333546c6570786e6d7168577437736a4774516a4a336a6f7a3945644c31477a317254625855644f753766554e50756f316c743779316c57574b5a434d686b645351774950554772654f656c666b763463384c2f4750396c2f564a64562b452f695362574e486b6353585769535271346c3547664d746d4f79513441486d526c5a4d656c66545077582f414f436d33677a784e4a486f33784d303234384165496f794970726752795332426667486478356b424a4c4844715655446c3636313779756a7a705533446448326879616d56426b48302f4f7165693674703369545362665539493143313158544c6c664d68764c475a5a6f5a563956645351522b507257687435352f50482b6638697049414c78372b315056643342366e7566382b342f4f68564a7766384150622f436e714d63653941487a663841747266736d573337546e674f435454504a7450484769686e3075366d596f6b794e677662536b446857774372667775416541577a2b524f6f78617638504e6276764433696653377a544e58302b5479703757346a4b79787341656f7a3664434f4742424235466630454b4d34506638412b76584d2b4e766858344e2b4a6774683474384b3650346c2b796b2b5164557359357a446e424f307343567a675a41344f4b7131315a6e4c586f553852486b71492f463734476178346f3851654b4a4e482b4833684354784c34796e6a3232307259614f785134567069702b566342674e386a42526b64536348394b7632572f324c62623450366f336a6e787a714d666a48346e3347574f6f4e6c6f4e4f334c686c673341466e786c544b5144744f3156555a33665250685877626f4867625450374e384f614a703267616675332f5a644d745937654d7478795651414538446e3272594335774b6579355563654879374334576f36744b4876765276643237586579386b497a4c47724f7a425655456c6a7741414f54587a6e3851504537654a74626e7545647673796b523236394d494f682f486c76784870572f34382b4e476c2b4a4c6a57504476682b6472794c54352f736d6f33385948326435674476746f332f4149796e416b4934422b544a594f4638346d6d4d6b6d385a78362b7672584e566c396c48306d477050346d5244727966727858696e375a327552614a2b7a2f71747537684a4e55757261306a44642f6e3878762f4142324d2b335376624a5a6c6774357032456a6946444979516f5a4862414a4f31514357506f6f47546e4179612b656645507758385466744b2b4d3758576647635631345138433663575853394459424e526d42493353544c79495766417a6b6c674146414833716d6e464e336651367172647556466e3968577a764c66344833627a78535277334772547957374e305a51714b5376714e796e39523272364974386c6a764744777550384150345648704f6a3250683353374c53394c745573394f73346c74376532685843786f5075714236666d65357a79613059342b2b634471422f492f7a2f414439367a6b2b615461496a377356466951782f4c6c317833484a7131437033676e7633394b51522f4c6e6e6b484872372f576e787164773579657542546968714e37334f682b442b592f466e6a474c50794e4659545a4a3547556c512f6f672f4f7655396e543966382f353656356a384b5938654d7645774a77725746686a3848755163666e587157335050342f352f5038416e5870552f6852357462346d5268656d5077782f6e3666353470363533416a702f6e2f36332b65413247346975524a355569796557786a666163375741795166666e39616d413534363539666174444531764479673345702f77426a2b5a7a525576683154766e626f634b422b5a6f724f5734726e6a366f5736564f73613859365a3535347059314752783036314b712f4d4d384c67642f582f3841582f6e4a7234744b78366d7752715649794d64442b50482b4e596e6954774a6f58692b4c4f715745636b2b3068626d50354a68786e3777352f41352b6c6238616e6144747963667a2f77412f7055717236636e3237444a2f5374466f4a4e376e6748692f396e32393075475335304f3462556f514d2f5a7041466d4139736350333434506f44557637504e77305877373852615a49664c6b6738573335645779436f5a496d47526a676a7a442b74652f714170412f6e587a683430766272532f453378653054545a42626170713935706b4e67543876372b2b7455742f4d783377306275542f7348726976597764583372534a714e314932504a6248574a50466d71612f346e6c41493162555a6d74754f5261524879626366545a45572f344754337252566472416e672b34723158566632624c2f77414c3666623276682b524e553036306853434f45375935315651464178393175414f68423942586e7431704d746a49304e78433045796350464d7052312b6f50497079714b63726e66536c434d5646486e33685877334e70767851386236744c43795158386469734473506c666245322f48726734423936376d4e65673541396575502f72302f7741686c556735422f7a2f4150582f4143715659656637716e484b2f774366662f36314b55726a756b724962476f622f5a584856666f663666797177714d3230415a626a48482b66576b6a483363483336382b763563315a6a684a554265414f43787145694c695278394d636a314763442f4156692b4d50687234582b496b4b52654974487439516c55595735775937684d446a624b754748307a69756c57495934484872557170324831503961316a3775714847504e75654a365838426646587774314a74522b45667849316677724d57446e5437755574424b335033796f32763136504731656861502b3231386676685371772f4548346432506a6e54346b4f2f566446335179735037374e45486a2f44796f2f77727346516334484f654d343950382f6c553844756a626b5a6b4f6543446a3961336a566655796e686f53315768325877382f344b54664262787443696172716439344d31426a744e74724e6f78544a394a597436592f3369763072364b38492f4554776e342f746d6e384c2b4a7448385251672f4d2b6d5830567874507674596b48324e6646757665426644766931574f766548394c31597375444a6432714f34423634664734647568727a6657763251666831716b6933476e32326f2b48727363724e70393654745062416b4463636a6f523072534e574639546a6c686d746d667036564b38455950754b6458356e366238492f693534586b52664433375150696543336a4145554f6f5354546f6f41344731705758386c2f777262687476326d4a4d517438654930746a315a644d6a61547232506b6a322f6937666a576e504875592f5635396a3944377936673032796d764c79654f307334454d6b74784f34534f4e4647575a6d504141414a4a4e66427637545837586d752f467257332b4766774b2b3136745a377848726e6972535a44456f5863513055467952746a5567637a352b6249435a475457424e38415a50476b3064783853764876696a346a537876356f737451766e69735650744172454438434d3136666f75683664346230754c54744a734c665337434d356a74624f49525271656d5146786b2b353539366d56574b324e3665466437794d7a34652b487276776a345873394d754259515257797248425a365a4579775730594833413748664b32636b794d4633466a386f7a58534c4738693534783963442f41447a53526f533667673753526d72653159386348476550382f53754f5574626e632f64566b4e52466a3234504f4d3544632f576e7a58454e68626d65366d69747264423830737a694e464871537841412b74534c47374e68464c4539736466794665536645692f6e754e61754c6657627654593948696b5637653275746174624e537935327551734d733559456e474e754f635534783574536439576466714878593850366662745062764c716349365856736f697454322f342b5a6d53456a50645761732b333863654a664648793652706a4c42326d30754c375778505134754a784862726a31555465774e636234666a6161383837773734665761394c5a4e397033687936765a74762f582f7154784a6a365a41394b33395374722b2b6a7547312b3873625a59782b39506958785a386941396d7462515278343478686e4935493572617952466a72664356753168727a77366a643662467138384a5a7253545558763841554855594f356e625973614475695237546b5949774b3770497742795058672f68586c6e6776784e6f396c4d453076583950315331556e66596545664463686a593449356b6a332b7551633136736d47565777554441484472676a76794f787164744374546f76685334627868346d544a4f797973503161344e647a3475385332336776776e72477633694d3974706c704c64756b59797a37454a32714d386b6e67443149727a2f414f43366d62786434376e4147324e3747317a6a2b4a62637945665445712f6d6162385974572f74362f38412b45586a5232744c61314e2f71446b4549584959573057653533427053423045615a2b384b373465374658504d6c486d71574f722b4563386d7066445077337163385968753955736f3954756c476639664f766d79646566764f33307742585837542b4e63683847357674487768384553394e2b69575239662b574356324946616d44334e33773676376d592b7241667052552b68526a374354335a6a525754334a5048777535694d5a36342f774431666e55797238774a4754317831787a2f414966353570467976636a384d66352b6e745569783441475054384258787836756f4b705841504a372f352f43704658625368656f485370466a2f412b2f627257695679577846543553635a3731346834773848334d3337576e67653956682f5a5631704d39376478597a6d65783370416339422f774166352f37396a304e6536717650417965744e617a74354c79433765474e376933566c696e5a527552573237777036674542636a324664464e386a456d53376364652f7743527831716a72766858532f464676354f70325564304634446b5964443671773548542f4972536a6a4f6550706e3644482b4e537167364559484848394b744354504576465077446e68335436486366616f782f79375852437972374b334162386366553135667166683236306d344e76653230747063416e39314d7530392f7a48586b5a466659432b2f57717572614c593639612f5a745174496279484f5173794137543667396a37697459795a74477262535238656931323842736b39654f6672566a615778787869766250453377487a756d30533658312b79335a49397548782b48492f47765039552b482b753654764e33704e7a456e4a4c4c474858482b386d514b32545230526c4357747a6c7775434152676e75527a55362f335278394d315a2b794f32514f547a6e4859394f762b6574417432585079342b75617135747a496956446e6e38425668597972597a7a6e2b755038414a70566864636e4f4233357836642f38394b7352776c573447546a6a41342f7a2f774458704763705847787837666d323562746a2f774374566859517036377577373036474e6c786a6e38766271616d6a5537515647654d6a49782f6e2f362f74547352613442635a33446a715350385038394b6c5654333666352f7770664a4f4f753348516e504848465472417a48425847665869714e4e45527167585047306363446a5038416b564a4446356a44494f33314653665a5a4e32654f76595a2f5372634e7538674a4b6a615277755038353755765155706158517a61506c2f684134482b465a7575654a7450384f6d42627462795361664a6a6873724761366b594c314f324e4777426e71635675705a68736465767239617378327a4b7550756a7679654b4972755972756564367871317834793031394f48674c574c2b7a6467332f41424d72694c54346d49504734655a356d4d6e6f567837557569654239633031536449737643506774534d413662707258747776542f6c6f7868585075564e656c51574a59674b446c7569714f54394b323950384636746563773662634565727273412f46735671704c5a41326b7454797255506848702f695a67664532746139346c5862677758576f4e62327a6639734c667930505039344e395457726f50777338472b467968306e776e6f756e7370474a49624350666b644476494c452f55313742612f4333565a41444a396e68353533535a492f49564a726e772f5851644a61366c75784c4e7556466a535061446b2b70356f35706443464f467a69537a4d697153646e59486f4b4e75315365702f7a365633506766776375723368756269494779684f437034387875792f546e6e384236343558554c625a66537835774249796567484a4834564e376c786b72386f2f34633674612b455044666a3778426470493853367737434f4d4179536c4c653368534e42335a6e554b6f3957417249302b47396d696d6d314e672b716168493178654e476371736a674b45582f5a5251714c36684165704e6566384177703856792f464c535a707a617a5161446f336948553572615a7a684e51754463534c484b6f2f7551784d564250426b596b6636734776546f7741774f50752b33763841352f7a6d756d556e704247554b61316b7a7366676e2f79523377522f3242624d662b515672746c48504e635a384631432f422f77543666325061592f474e61376446362f537577387872566e5461536d33546f754f75572f416b2f352f47696936767254772f6f6331376654706232566c627450504f35774552564c4d7850734d305669375846723052354371386e3336342f4370414f3366716158425046534c486e7230392f5446664b4a486f7467712b7657704931363834507453726e334a2f576e717662415048353976384b3253494656666d414854742f6e364370493136486f523048582f5065685532747a3739767a342f4370565448312f446d7253414655416a412f2b745478386f774f4b414d30754d2b39614a414e7156564b353435786a48666d685642555a48342f352f4370516f3659352f58714f6e707a6d714146487a63634e32352f7a2f6e3958723634786a6b666f663566796f5664773952376651662f41462f7a39754a565871633859362f69656670564a41596d736543644638515a613930364a355478353066795366384166517761346e55666756417a46394f314a6b556a2f5633555966742f6547442b6c65714b76413764436550616e3165714b6a4b55646d654979664258585659375a7247546b59627a5748366250722b64482f436d64657951667362442f7235492f4437762b667a72322f337034556a3148366635373037737632306b654872384739662f414c6c6d666237516658335770342f673772653035577a4237663651534f6e5837767458746d417654742f39662f4155385a48583876792f7a2b5649683170486a4d667762316e6343787356787a2f726a2f3841452f577230507762314673655a643269446e495863336636442f4a72316e62373859502b6635302f373335397679707439435061795a356c4438475a4e362b647163653063625668596e36416c763656725776776630324a675a6232366c502b79455566794e6430716b5a50656e553069666153376e4d322f77414e3942743975625635647638417a306c59672f554131715733686e536254486b36626249563648796754576c54366567756154335a46466278512f36754e492f3931514b6c6f70364c33394b30537675495438663834726e7647566d2b71536166703051416157526e4a3577716741456e32352f6c58536654307a307071323643364d2f575861457a31774d3976782f6c56505545374f347a543747485462654b32675862476e4148664a504a5076312f4f766e37346a52366e4a70327251614f6f58564c686e74344a573457426e59715a6a3749704c59376c6364362b696f2f764b44302f77443156346c72433774517576517a4f522f3330616130614e7157374f56384d2b46645038472b47394e304c53342f73326e616443747643684f54744855743673546b6b39795361306232564c5054376d346b4f784959586b592b77556e6e38717652322b346b45313250686a777a4844703978724e3675496f595a4a495932486f702b596a30484f50587232464f396d6445704b4b4f613849366b64452f5a39384658624879326254644a6a42596e4961526f452f396e72316532684d74306b514763766a424f652f2f414f7576436646576d796549506839344a384a57737374716c68593658726432385148433230317359495739504d6c42503067636654337133767258535775395376356b74624778686b755a7035434173614b43537a4873414166797230464a4e486c795855782f6972477669626234626a6e5a5962574e4e57314245497738614d664968626e4f3135554c48673557426c50445556633850325531396f393766336b545258327346726d574f5159614e5747496f6d475467704745556763467478373056357a6c4b57714e6f3269724d354a4548414977525571385950346e48352f3070416f35485448582f5038416e705431585048762f6e2f504e654f6c5931465665337078782f6e322f5438705658396550352b332b654b525647305936453966727a2f6e2f77437455696a75527459317059425642484863386d6e6759576a2b476c2f6e576951416f3345437046556670516964632f5135715656365a7a37352f77412f352f6b3951453234794f76716670752f77715462317950722f4c2b662b655452744f3342354f50382f77425038395a4e767a455a366b2f352f4c2b6c576b4166785a787a7a2f6e2b56505653443744702f57685633446b59372b6e2b6574507167436c417a51507970386135586e702f6e2f43674156446a6b592f7a2f7744574e535937645038414f442f576c47636a75663841502b66784e4b6f414874362b332b66356d67796241652f5472373035567a6a2b5830502f414e656b41334b423349366668556d30746b2b7650542f50745438674771753767656e7055314a74323844675574556c59674b4b4b6651556b464646534b76633942576b5939574d514c2b564f43386635394b4e70504170347a78787a6e2f43744258446e642b762b663841506567443048302f7a2f6e72514636592f442f5035667254674f4f42782f6e2f414248355545696f506d48312f722f6e38363857314a66394f75427950336a667a4e65313443386e6a48502b663839713830305877354a726d7075787a4841726c704a467a33505165352f2b7653614e7162746473623452384a6e564a6863584362624e44794f6d3973666448395458552f45627a492f6837346b573256566e4f6d584351716542754d5a565237636c6136473374343757474f4b464248476f43717139414f502f414b39636c385850444f73654e50682f715767364a64727039377144775737335448426874326c543751793542473852655a7447507662656e576c613058596a6e35704a7334754b786b7476425771617736714471327161645a576530354b324d64784442454166526a35736f39504f3971367a784778313756744e384c7241747862586b68764e55445a32697a694f524763635a6b6d614e6472634d6954656c532b4f34624f79736644476c346a743745616a44387034564937654a357839414443763556582b4539714e5573372f414d615451736c7a346b614f61447a5649654f776a42466f6842414b35566d6d4b6e6c576e6356727a614e507154707564345076412f353669696a61462b762b66382f6a525339444d383456666d3536642f58714f6e747855797238774137485048502b662f313069786e6a4935362b77715255444435686e3133415635435231695271634450422f6c55693961536e64654d633170474e745175474d38564969342b762f7743756c565279527a6a715058716636564a7436385a342f70782f543950576e7541697146554139414f6550382f35483553717056682f652f3841315a2f502f443270416f4f6565446e2b52503841492f7a7154623142344a2f78476170524149313666375054723666352f77413958787038713537436a616477503136302f474f414d56657742774f42774b55444e4147656c534c486c526e38714258425650553866682f6e30703441787a30376a38762f414b2f35554c383350342f792f77412f6c546c3950382f352f7741614c476259592f41395439662f414e644f786a48482b542f39616c5835667a79663070797165505436554541713775395362523234375541593663555661414b66544b665155676f70514b65716a763072574d62616a455846536337656d4d636630704e704866423954532f2f414b71734263484a7a7a7a322f4c2f503455597a6a50662f41442f6e2f77445853723250542f38415750384136394f56652f542f41434b53494256354848662b762b6638394844474278786a2f5038414b6c413664735566772f3534362f352f436d515158307257396a4d3667732b3343723673636766716162706d6e7070746a44624a6a4b6a4c734f3748716174375431783730356c4863342f7a6971747263712f51627435362b39494231412b6c503272364472526b62654f67394b5a4a347838566f663841684e50693734533844474635395075644a76377a574d45424937507a494532734f356d2b654966374c536e745873757a6239304159364144394b3558777062783668347538563634594172744e4670554d3266395a446271575035545454722f414d4272724f6677724b4f7433334e4a644939684e6f3239636a362f352f79614b5769744c6d647a7a31553239686e2f414f7454774d306c4f4139426d764d5231676f4c644b6b6a6a372f6d50382f6853717543415055653366384153704658356334474f7636442f482f504647344142757a7a782f3841712f384172553955396576663876384136346f565477652f2f7742622f77445855717230376a6a2b74614a414a747a6b2f774366383571546150706e384b52592b527a30474b665641464b4f61554c362b7672556972742f7a782f6e72514b346972307a774b66672f6a6e762f6e36306f48662f4144322f7a2b464b6f374436657661677a754b416654385077703333523639382f702f4b675934783950312f7a2b56505641793549366a2f41442f536767466a3965507054364f33725256327341555535656c4c5275797770514b46584e53444148756657746b7241437230344f66382f7743667870652f55476a417a366d6c48362f6c7a2f6e4649413635395054384b6474372f77424b4e7659483666722f4149696e72676e4f506646575178416f2f4470782b5038415370426e63546a6e3170463535362f2f414b2f2f414e644f48726e6e395451514848354476546c3434504e4148536e626172304162312b76656c2f436e555537414e326d6a616164525279674d6a68534664714b714c6b6e436a484a4f5366726b6e383666525256414646464641486e33587031715655417a6b6a46496748626e2b76742b6c53717679347a6b647a36386e2f362f77436c6555645942654d6576412f772f552f3578556739636654382b7636304b765875547a2f4f70465564656f2f7a2f542b6676546a454242393466582b582f7742662b6453426541443237656c43447632626e72547130414b5652756f4836564c474f6e50702f5038417a2b4e416d43714f754f527a78546c482b663841502b656e34433976772f702f6961636f50627237666c2f4f677a6244322f7a322f7741442b565039652b6550382b314372302b7648352f2f41462f2f414e565056666c3548626d67674658313435396574507a5252576930414b665252527557464c6a356155667254315564427a5771566742562f5038414f6c397a3137476c39666632363866352f4f6c41392b766356514363743966382f77434e50556276782f7a2f4146704637592f7a302f384172663536794b765433704a454d514b4f342f7a2f414a4a707742376a363865394b71394f33536c56654f672f543861304946344147526a3270514f33536c77542b644f7057414b4b4b4b73416f6f6f6f414b4b4b4b414369696967416f6f6f6f413468654d62756e2b6566352f774363553556503664766247614e764872322f7a37382f6e5575337163642b7658312f774665576f6e57497139446e762f3841722f72556972303638644b46556a363036744e51436c43377153706c5870787450363961424e67716748333666722f39592f6e5468322f582f50302f7a7a53727a7a323976382f682f7744717065782f70394b444f3459794d642b522f4f6e342b62742f6b2f38413671434e7566576e71764f542f4b6e75514b71394d39756c4f6f6f71374146506f6f412f436a63734b63712b6c4876556e4372785771566742666c36486e326f78363866552b314b4649626b3448542f41442b744c6a6a30704141482f7742616c376363656e2b667970517550382f35397165713436632f352f384172565352467748792f6e302f476e62653355395072316f4848312f7a2f68537176547636656e55316f5141583270367253552b67416f6f6f71674369696967416f6f6f6f414b4b4b4b414369696967416f6f6f6f413439523877392b656e2b66616e716d4f6670785252586e49366b4f6f6f6f706a4a5658484e5362656f413976356a2f41422f7a304b4b444e6a6831396966363035632b2b6366304e464641695256433470314646575146506f6f6f4c436e71766670326f6f72534f77446c50503841682f6e3370324d4c362f352f2b7366306f6f70695975636e366e2b744c6a5035642f384150765252566b6a78335031372f582f476e6466792f77412f7a4646465071514b70352f482f5038414f6e37666c2f786f6f7167436e305555304155555555774369696967416f6f6f6f414b4b4b4b414369696967416f6f6f6f412f2f32513d3d);
/*!40000 ALTER TABLE `photos` ENABLE KEYS */;

-- Dumping data for table forum_system.posts: ~15 rows (approximately)
/*!40000 ALTER TABLE `posts` DISABLE KEYS */;
INSERT INTO `posts` (`id`, `title`, `content`, `user_id`, `date_created`) VALUES
    (1, 'Why Java is Still Relevant in 2023', 'Despite being over 25 years old, Java remains one of the most popular programming languages in use today. In this post, we explore the reasons why Java is still relevant in 2023, including its cross-platform compatibility, robustness, and the vast ecosystem of libraries and frameworks available to developers.', 1, '2023-01-01 12:00:00'),
    (2, 'Mastering Design Patterns in Java', 'Design patterns are a set of reusable solutions to common software design problems. In this post, we dive into the world of design patterns and explore some of the most commonly used patterns in Java programming. We also provide practical examples to help you apply these patterns in your own code.', 6, '2023-02-05 10:00:00'),
    (3, 'Java vs. Kotlin: Which is Better for Android Development?', 'Cooking is a fundamental life skill that can bring joy and nourishment to yourself and others. By learning the basics of cooking, you can expand your culinary repertoire and impress your friends and family.', 6, '2023-02-05 15:30:00'),
    (4, 'Writing Efficient Java Code: Best Practices and Tips', 'Writing efficient Java code is essential for achieving optimal performance and minimizing resource usage. In this post, we share some of the best practices and tips for writing efficient Java code, including using proper data structures, avoiding unnecessary object creation, and optimizing I/O operations.', 7, '2023-02-06 10:00:30'),
    (5, 'Exploring Java 17: New Features and Improvements', 'Java 17 is the latest version of Java, released in September 2022. In this post, we explore some of the new features and improvements introduced in Java 17, such as pattern matching for instanceof, sealed classes, and foreign memory access API.', 8, '2023-02-06 15:35:00'),
    (6, 'Java for Machine Learning: A Comprehensive Guide', 'Java is a versatile language that can be used for a wide range of applications, including machine learning. In this post, we provide a comprehensive guide to using Java for machine learning, covering topics such as data preprocessing, model building, and evaluation.', 8, '2023-02-07 13:40:30'),
    (7, 'Java Enterprise Edition (EE) Explained', 'Java Enterprise Edition, or Java EE, is a collection of APIs and specifications for building enterprise-level applications. In this post, we provide an overview of Java EE and its core components, including servlets, JSPs, and EJBs.', 9, '2023-02-07 20:25:35'),
    (8, 'The Future of Java: Predictions and Trends', 'Java has a long history and an impressive track record of innovation and evolution. In this post, we take a look at some of the emerging trends and predictions for the future of Java, such as cloud-native Java, modularization, and serverless computing.', 8, '2023-02-08 12:36:58'),
    (9, 'Java Development Tools: A Comprehensive Guide', 'Java development tools can significantly improve productivity and streamline the development process. In this post, we provide a comprehensive guide to the most popular Java development tools, including IDEs, build tools, and testing frameworks.', 10, '2023-02-09 12:05:25'),
    (10, 'Java Concurrency: Best Practices and Pitfalls', 'Concurrency is a critical aspect of modern software development, and Java provides robust support for writing multithreaded programs. In this post, we explore some of the best practices and pitfalls of Java concurrency, including thread safety, synchronization, and deadlock prevention.', 8, '2023-02-09 12:25:39'),
    (11, '10 Best Java Libraries for Building Web Applications', 'Building web applications with Java is a common use case for many developers. However, the standard Java libraries may not provide all the necessary features for a modern web application. In this post, we\'ll explore 10 of the best Java libraries that can help you build robust and feature-rich web applications.', 13, '2023-02-09 12:40:25'),
    (12, 'Understanding Java Memory Management', 'Java\'s garbage collector is responsible for managing memory allocation and deallocation, which can be a complex process. Understanding how Java manages memory can help you write more efficient and scalable applications. In this post, we\'ll dive into the details of Java\'s memory management system and provide tips for optimizing your code.', 9, '2023-02-10 12:58:01'),
    (13, '5 Common Mistakes Java Developers Make and How to Avoid Them', 'Every developer makes mistakes, but some mistakes can have serious consequences. In this post, we\'ll explore 5 common mistakes that Java developers make and provide tips for avoiding them. By understanding these pitfalls, you can write more reliable and maintainable Java code.', 7, '2023-02-10 15:58:00'),
    (14, 'Java vs Python: Which Language Should You Learn in 2023?', 'Java and Python are both popular programming languages with their own strengths and weaknesses. But which language should you learn in 2023? In this post, we''ll compare Java and Python in terms of syntax, performance, community, and job opportunities to help you decide which language is right for you.', 1, '2023-02-11 13:50:01'),
    (15, 'Building a Real-Time Chat Application with Java and WebSockets', 'Real-time chat applications are becoming increasingly popular, and Java provides a powerful framework for building them. In this post, we''ll walk through the process of building a real-time chat application using Java and WebSockets. We\'ll cover the basics of WebSockets, how to handle incoming messages, and how to broadcast messages to all connected clients.', 14, '2023-02-11 18:30:15');
/*!40000 ALTER TABLE `posts` ENABLE KEYS */;

-- Dumping data for table forum_system.posts_tags: ~6 rows (approximately)
/*!40000 ALTER TABLE `posts_tags` DISABLE KEYS */;
INSERT INTO `posts_tags` (`post_id`, `tag_id`) VALUES
                                                   (1, 1),
                                                   (2, 4),
                                                   (4, 1),
                                                   (6, 1),
                                                   (6, 3),
                                                   (12, 2);
/*!40000 ALTER TABLE `posts_tags` ENABLE KEYS */;

-- Dumping data for table forum_system.tags: ~5 rows (approximately)
/*!40000 ALTER TABLE `tags` DISABLE KEYS */;
INSERT INTO `tags` (`id`, `name`) VALUES
                                      (2, 'concept'),
                                      (5, 'java'),
                                      (3, 'global'),
                                      (1, 'programming'),
                                      (4, 'product');
/*!40000 ALTER TABLE `tags` ENABLE KEYS */;

-- Dumping data for table forum_system.users: ~15 rows (approximately)
/*!40000 ALTER TABLE `users` DISABLE KEYS */;
INSERT INTO `users` (`id`, `first_name`, `last_name`, `email`, `username`, `password`, `join_date`) VALUES
    (1, 'Admin', 'Admin', 'admin@mail.com', 'admin', '$2a$10$ylhotx8CZBhi9xh/J84djeBAsmARXlzuR4YsEzMS91dz0fqHSM1Hq', '2023-01-01 00:00:00'),
    (2, 'Anonymous', 'Anonymous', 'anonymous@mail.com', 'anonymous', '$2a$10$aR0tcYDEZ8VADAE2JHDzB.1XaFGoDemdym0ncRchshyu4caYLfHsa', '2023-01-01 00:00:00'),
    (3, 'Reserved1', 'Reserved1', 'reserved1@mail.com', 'reserved1', '$2a$10$8Np73OPF5lTIJI9SmhyAKu26f6TolHLu5gda0BqRO.tSzygPDsn4W', '2023-01-01 00:00:00'),
    (4, 'Reserved2', 'Reserved2', 'reserved2@mail.com', 'reserved2', '$2a$10$/QjvkWIVsrc1OB1q.idnkOVBOA2nGnxaLnQcnX.IBWfVv2sm6vGwy', '2023-01-01 00:00:00'),
    (5, 'Reserved3', 'Reserved3', 'reserved3@mail.com', 'reserved3', '$2a$10$g30M3YY7K.PbO8s4HiTeien2HVLrqFThG0B/V7IhXADOVquv2xmaS', '2023-01-01 00:00:00'),
    (6, 'Alexandra', 'Silcock', 'asilcock0@dailynews.com', 'asilcock0', '$2a$10$Lq5V.57ciMf62R/GxN1g6OnwNL8Nw23PVJxthNa18churCjU3IfqK', '2023-02-01 00:00:00'),
    (7, 'Margot', 'Rashleigh', 'mrashleigh1@rambler.ru', 'mrashleigh1', '$2a$10$pipNgarASkiksrmHNP5owuUkUMC0ZVQrh2Lse/eGGMDPc1kodI4Qm', '2023-02-02 00:00:00'),
    (8, 'Brian', 'Mussalli', 'bmussallij@purevolume.com', 'bmussallij', '$2a$10$I.KSZJMsjb28pSJOf0Ax9OSxnpWyMbbeIh5fWTnriby4/foNM0OUe', '2023-02-03 00:00:00'),
    (9, 'Orion', 'Wahner', 'owahnert@tinyurl.com', 'owahnert', '$2a$10$pACmP9yNHvo77b/.7g752.Oen7n2C/j9HXKnBDxeXmf5G.V6lZtUG', '2023-02-04 00:00:00'),
    (10, 'Reed', 'Flynn', 'rflynn12@php.net', 'rflynn12', '$2a$10$mjsvvabG3jLSkzIJpZFWqOaubumwtAz1Yzlfjru2nWcNzvobPICKO', '2023-02-05 00:00:00'),
    (11, 'Blocked', 'Blocked', 'blocked@mail.com', 'blocked', '$2a$10$69SnSoGfWJdy9lnh9m3ePOxkk23xqGuEiJKLEin265E66ZQQFwmS.', '2023-02-10 00:00:00'),
    (12, 'Admin', 'Blocked', 'admblocked@gmail.com', 'admblocked', '$2a$10$LJ0aqde0Vi7bA1sLZmuh.OestzyesPdhEcgzbUhCaP0kyorWV.qvW', '2023-02-10 00:00:00'),
    (13, 'Deleted', 'Deleted', 'deleted@mail.com', 'deleted', '$2a$10$OCd35EDz4gkWmv3ovx209ekNxIScst9765rHc9n9CUrs8ghB5Mu5i', '2023-02-20 00:00:00'),
    (14, 'Tester', 'Tester', 'tester@mail.com', 'tester', '$2a$10$zOWStD9aOERmoMNjHyVGDeiFbbifRq8OouJg.h5bUC6ZEKH6Win5C', '2023-02-20 00:00:00'),
    (15, 'All', 'Set', 'allset@mail.com', 'allset', '$2a$10$cFfai/zrlwaeuq.f2vLxoOpU6Yj./oHzqCqRe4w9gWX95IsaMEw7e', '2023-02-20 00:00:00');
/*!40000 ALTER TABLE `users` ENABLE KEYS */;

/*!40101 SET SQL_MODE=IFNULL(@OLD_SQL_MODE, '') */;
/*!40014 SET FOREIGN_KEY_CHECKS=IFNULL(@OLD_FOREIGN_KEY_CHECKS, 1) */;
/*!40101 SET CHARACTER_SET_CLIENT=@OLD_CHARACTER_SET_CLIENT */;
/*!40111 SET SQL_NOTES=IFNULL(@OLD_SQL_NOTES, 1) */;
