-- --------------------------------------------------------
-- Host:                         127.0.0.1
-- Server version:               10.11.1-MariaDB - mariadb.org binary distribution
-- Server OS:                    Win64
-- HeidiSQL Version:             11.3.0.6295
-- --------------------------------------------------------

/*!40101 SET @OLD_CHARACTER_SET_CLIENT=@@CHARACTER_SET_CLIENT */;
/*!40101 SET NAMES utf8 */;
/*!50503 SET NAMES utf8mb4 */;
/*!40014 SET @OLD_FOREIGN_KEY_CHECKS=@@FOREIGN_KEY_CHECKS, FOREIGN_KEY_CHECKS=0 */;
/*!40101 SET @OLD_SQL_MODE=@@SQL_MODE, SQL_MODE='NO_AUTO_VALUE_ON_ZERO' */;
/*!40111 SET @OLD_SQL_NOTES=@@SQL_NOTES, SQL_NOTES=0 */;


-- Dumping database structure for forum_system
CREATE DATABASE IF NOT EXISTS `forum_system` /*!40100 DEFAULT CHARACTER SET latin1 COLLATE latin1_swedish_ci */;
USE `forum_system`;

-- Dumping structure for table forum_system.comments
CREATE TABLE IF NOT EXISTS `comments` (
                                          `id` bigint(20) NOT NULL AUTO_INCREMENT,
                                          `post_id` bigint(20) NOT NULL,
                                          `user_id` bigint(20) NOT NULL,
                                          `content` text DEFAULT NULL,
                                          `date_created` datetime NOT NULL DEFAULT current_timestamp(),
                                          PRIMARY KEY (`id`),
                                          KEY `comments_posts_fk` (`post_id`),
                                          KEY `comments_users_fk` (`user_id`),
                                          CONSTRAINT `comments_posts_fk` FOREIGN KEY (`post_id`) REFERENCES `posts` (`id`),
                                          CONSTRAINT `comments_users_fk` FOREIGN KEY (`user_id`) REFERENCES `users` (`id`)
) ENGINE=InnoDB AUTO_INCREMENT=14 DEFAULT CHARSET=latin1 COLLATE=latin1_swedish_ci;

-- Dumping data for table forum_system.comments: ~12 rows (approximately)
/*!40000 ALTER TABLE `comments` DISABLE KEYS */;
INSERT INTO `comments` (`id`, `post_id`, `user_id`, `content`, `date_created`) VALUES
    (1, 1, 1, 'I\'ve been practicing mindfulness for a few weeks now and I already feel more relaxed and focused.', '2023-02-11 12:43:57'),
    (2, 1, 6, 'I\'ve tried a few different meditation apps, but the mindfulness exercises in this book really resonated with me.', '2023-02-12 08:44:53'),
    (3, 2, 6, 'Virtual reality gaming is so much more fun than regular gaming. It\'s like you\'re actually in the game!', '2023-02-13 14:54:25'),
    (4, 3, 8, 'I used to be intimidated by cooking, but after taking a cooking class, I feel much more confident in the kitchen.', '2023-02-13 16:11:21'),
    (5, 3, 7, 'Learning to cook has been such a rewarding experience. I love being able to create delicious meals for myself and my family.', '2023-02-14 12:46:56'),
    (6, 4, 9, 'I took an astronomy course in college and it really opened my eyes to the beauty and complexity of the universe.', '2023-02-16 12:47:16'),
    (7, 3, 8, 'I\'ve been following this cooking blog for a few months now and I\'ve learned so many new techniques and recipes.', '2023-02-17 09:50:11'),
    (8, 8, 10, 'It\'s amazing how much we can learn from the art, literature, and philosophy of ancient civilizations. Their ideas still resonate with us today.', '2023-02-17 12:49:04'),
    (9, 8, 9, 'Learning about ancient civilizations has given me a greater appreciation for the history of our world and the people who came before us.', '2023-02-18 12:49:46'),
    (10, 7, 10, 'I\'ve been following this motivational speaker and his messages about positive thinking have really resonated with me.', '2023-02-19 12:52:06'),
    (12, 11, 13, 'Testing testing testing comment', '2023-02-20 00:00:00'),
    (13, 12, 14, 'Another testing comment goes here', '2023-02-20 00:00:00');
/*!40000 ALTER TABLE `comments` ENABLE KEYS */;

-- Dumping structure for table forum_system.likes
CREATE TABLE IF NOT EXISTS `likes` (
                                       `user_id` bigint(20) NOT NULL,
                                       `post_id` bigint(20) NOT NULL,
                                       PRIMARY KEY (`user_id`,`post_id`),
                                       KEY `likes_posts_fk` (`post_id`),
                                       CONSTRAINT `likes_posts_fk` FOREIGN KEY (`post_id`) REFERENCES `posts` (`id`),
                                       CONSTRAINT `likes_users_fk` FOREIGN KEY (`user_id`) REFERENCES `users` (`id`)
) ENGINE=InnoDB DEFAULT CHARSET=latin1 COLLATE=latin1_swedish_ci;

-- Dumping data for table forum_system.likes: ~6 rows (approximately)
/*!40000 ALTER TABLE `likes` DISABLE KEYS */;
INSERT INTO `likes` (`user_id`, `post_id`) VALUES
                                               (1, 1),
                                               (1, 2),
                                               (6, 5),
                                               (7, 5),
                                               (10, 10),
                                               (14, 12);
/*!40000 ALTER TABLE `likes` ENABLE KEYS */;

-- Dumping structure for table forum_system.permissions
CREATE TABLE IF NOT EXISTS `permissions` (
                                             `user_id` bigint(20) NOT NULL,
                                             `is_deleted` tinyint(1) NOT NULL DEFAULT 0,
                                             `is_blocked` tinyint(1) NOT NULL DEFAULT 0,
                                             `is_admin` tinyint(1) NOT NULL DEFAULT 0,
                                             PRIMARY KEY (`user_id`),
                                             CONSTRAINT `permissions_users_fk` FOREIGN KEY (`user_id`) REFERENCES `users` (`id`)
) ENGINE=InnoDB DEFAULT CHARSET=latin1 COLLATE=latin1_swedish_ci;

-- Dumping data for table forum_system.permissions: ~13 rows (approximately)
/*!40000 ALTER TABLE `permissions` DISABLE KEYS */;
INSERT INTO `permissions` (`user_id`, `is_deleted`, `is_blocked`, `is_admin`) VALUES
                                                                                  (1, 0, 0, 1),
                                                                                  (2, 0, 0, 0),
                                                                                  (3, 0, 0, 0),
                                                                                  (4, 0, 0, 0),
                                                                                  (5, 0, 0, 0),
                                                                                  (6, 0, 0, 0),
                                                                                  (7, 0, 0, 0),
                                                                                  (8, 0, 0, 0),
                                                                                  (9, 0, 0, 0),
                                                                                  (10, 0, 0, 0),
                                                                                  (11, 0, 1, 0),
                                                                                  (12, 0, 1, 1),
                                                                                  (13, 1, 0, 0);
/*!40000 ALTER TABLE `permissions` ENABLE KEYS */;

-- Dumping structure for table forum_system.phones
CREATE TABLE IF NOT EXISTS `phones` (
                                        `user_id` bigint(20) NOT NULL,
                                        `phone_number` varchar(16) DEFAULT NULL,
                                        PRIMARY KEY (`user_id`),
                                        CONSTRAINT `phones_users_fk` FOREIGN KEY (`user_id`) REFERENCES `users` (`id`)
) ENGINE=InnoDB DEFAULT CHARSET=latin1 COLLATE=latin1_swedish_ci;

-- Dumping data for table forum_system.phones: ~1 rows (approximately)
/*!40000 ALTER TABLE `phones` DISABLE KEYS */;
INSERT INTO `phones` (`user_id`, `phone_number`) VALUES
    (1, '347-173-8817');
/*!40000 ALTER TABLE `phones` ENABLE KEYS */;

-- Dumping structure for table forum_system.photos
CREATE TABLE IF NOT EXISTS `photos` (
                                        `user_id` bigint(20) NOT NULL,
                                        `photo` blob DEFAULT NULL,
                                        PRIMARY KEY (`user_id`),
                                        CONSTRAINT `photos_users_fk` FOREIGN KEY (`user_id`) REFERENCES `users` (`id`)
) ENGINE=InnoDB DEFAULT CHARSET=latin1 COLLATE=latin1_swedish_ci;

-- Dumping data for table forum_system.photos: ~1 rows (approximately)
/*!40000 ALTER TABLE `photos` DISABLE KEYS */;
INSERT INTO `photos` (`user_id`, `photo`) VALUES
    (1, _binary 0x2f396a2f34414151536b5a4a5267414241514541594142674141442f34544967525868705a674141545530414b674141414167414267414c414149414141416d414141495967455341414d41414141424141454141414578414149414141416d4141414969414579414149414141415541414149726f647041415141414141424141414977756f63414163414141674d414141415667414145555963366741414141674141414141414141414141414141414141414141414141414141414141414141414141414141414141414141414141414141414141414141414141414141414141414141414141414141414141414141414141414141414141414141414141414141414141414141414141414141414141414141414141414141414141414141414141414141414141414141414141414141414141414141414141414141414141414141414141414141414141414141414141414141414141414141414141414141414141414141414141414141414141414141414141414141414141414141414141414141414141414141414141414141414141414141414141414141414141414141414141414141414141414141414141414141414141414141414141414141414141414141414141414141414141414141414141414141414141414141414141414141414141414141414141414141414141414141414141414141414141414141414141414141414141414141414141414141414141414141414141414141414141414141414141414141414141414141414141414141414141414141414141414141414141414141414141414141414141414141414141414141414141414141414141414141414141414141414141414141414141414141414141414141414141414141414141414141414141414141414141414141414141414141414141414141414141414141414141414141414141414141414141414141414141414141414141414141414141414141414141414141414141414141414141414141414141414141414141414141414141414141414141414141414141414141414141414141414141414141414141414141414141414141414141414141414141414141414141414141414141414141414141414141414141414141414141414141414141414141414141414141414141414141414141414141414141414141414141414141414141414141414141414141414141414141414141414141414141414141414141414141414141414141414141414141414141414141414141414141414141414141414141414141414141414141414141414141414141414141414141414141414141414141414141414141414141414141414141414141414141414141414141414141414141414141414141414141414141414141414141414141414141414141414141414141414141414141414141414141414141414141414141414141414141414141414141414141414141414141414141414141414141414141414141414141414141414141414141414141414141414141414141414141414141414141414141414141414141414141414141414141414141414141414141414141414141414141414141414141414141414141414141414141414141414141414141414141414141414141414141414141414141414141414141414141414141414141414141414141414141414141414141414141414141414141414141414141414141414141414141414141414141414141414141414141414141414141414141414141414141414141414141414141414141414141414141414141414141414141414141414141414141414141414141414141414141414141414141414141414141414141414141414141414141414141414141414141414141414141414141414141414141414141414141414141414141414141414141414141414141414141414141414141414141414141414141414141414141414141414141414141414141414141414141414141414141414141414141414141414141414141414141414141414141414141414141414141414141414141414141414141414141414141414141414141414141414141414141414141414141414141414141414141414141414141414141414141414141414141414141414141414141414141414141414141414141414141414141414141414141414141414141414141414141414141414141414141414141414141414141414141414141414141414141414141414141414141414141414141414141414141414141414141414141414141414141414141414141414141414141414141414141414141414141414141414141414141414141414141414141414141414141414141414141414141414141414141414141414141414141414141414141414141414141414141414141414141414141414141414141414141414141414141414141414141414141414141414141414141414141414141414141414141414141414141414141414141414141414141414141414141414141414141414141414141414141414141414141414141414141414141414141414141414141414141414141414141414141414141414141414141414141414141414141414141414141414141414141414141414141414141414141414141414141414141414141414141414141414141414141414141414141414141414141414141414141414141414141414141414141414141414141414141414141414141414141414141414141414141414141414141414141414141414141414141414141414141414141414141414141414141414141414141414141414141414141414141414141414141414141414141414141414141414141414141414141414141414141414141414141414141414141414141414141414141414141414141414141414141414141414141414141414141414141414141414141414141414141414141414141414141414141414141414141414141414141414141414141414141414141414141414141414141414141414141414141414141414141414141414141414141414141414141414141414141414141414141414141414141414141414141414141414141414141414141414141414141414141414141414141414141414141414141414141414141414141414141414141414141414141414141414141414141414141414141414141414141414141414141414141414141414141414141414141414141414141414141414141414141414141414141414141414141414141414141414141414141414141414141414141414141414141414141414141414141414141414141414141414141414141414141414141414141414141414141414141414141414141414141414141414141414141414141414141414141414141414141414141414141414141414141414141414141414141414141414141414141414141414141414141414141414141414141414141414141414141414141414141414141414141414141414141414141414141414141414141414141414141414141414141414141414141414141414141414141414141414141414141414141414141414141414141414141414141414141414141414141414141414141414141414141414141414141414141414141414141414141414141414141414141414141414141414141414141414141414141414141414141414141414141414141414141414141414141414141414141414141414141414141414141414141414141414141414141414141414141414141414141414141414141414141414141414141414141414141414141414141414141414141414141414141414141414141414141414141414141414141414141414141414141414141414141414141414141414141414141414141414141414141414141414141414141414141414141414141414141414141414141414141414141414141414141414141414141414141466470626d527664334d6755476876644738675257527064473979494445774c6a41754d5441774d5445754d54597a4f44514156326c755a4739336379425161473930627942465a476c30623349674d5441754d4334784d4441784d5334784e6a4d344e4141794d4449774f6a41314f6a4977494441354f6a4d344f6a517a414141476b414d414167414141425141414245636b4151414167414141425141414245776b7045414167414141414d314d6741416b7049414167414141414d314d6741416f41454141774141414145414151414136687741427741414341774141416b514141414141427a7141414141434141414141414141414141414141414141414141414141414141414141414141414141414141414141414141414141414141414141414141414141414141414141414141414141414141414141414141414141414141414141414141414141414141414141414141414141414141414141414141414141414141414141414141414141414141414141414141414141414141414141414141414141414141414141414141414141414141414141414141414141414141414141414141414141414141414141414141414141414141414141414141414141414141414141414141414141414141414141414141414141414141414141414141414141414141414141414141414141414141414141414141414141414141414141414141414141414141414141414141414141414141414141414141414141414141414141414141414141414141414141414141414141414141414141414141414141414141414141414141414141414141414141414141414141414141414141414141414141414141414141414141414141414141414141414141414141414141414141414141414141414141414141414141414141414141414141414141414141414141414141414141414141414141414141414141414141414141414141414141414141414141414141414141414141414141414141414141414141414141414141414141414141414141414141414141414141414141414141414141414141414141414141414141414141414141414141414141414141414141414141414141414141414141414141414141414141414141414141414141414141414141414141414141414141414141414141414141414141414141414141414141414141414141414141414141414141414141414141414141414141414141414141414141414141414141414141414141414141414141414141414141414141414141414141414141414141414141414141414141414141414141414141414141414141414141414141414141414141414141414141414141414141414141414141414141414141414141414141414141414141414141414141414141414141414141414141414141414141414141414141414141414141414141414141414141414141414141414141414141414141414141414141414141414141414141414141414141414141414141414141414141414141414141414141414141414141414141414141414141414141414141414141414141414141414141414141414141414141414141414141414141414141414141414141414141414141414141414141414141414141414141414141414141414141414141414141414141414141414141414141414141414141414141414141414141414141414141414141414141414141414141414141414141414141414141414141414141414141414141414141414141414141414141414141414141414141414141414141414141414141414141414141414141414141414141414141414141414141414141414141414141414141414141414141414141414141414141414141414141414141414141414141414141414141414141414141414141414141414141414141414141414141414141414141414141414141414141414141414141414141414141414141414141414141414141414141414141414141414141414141414141414141414141414141414141414141414141414141414141414141414141414141414141414141414141414141414141414141414141414141414141414141414141414141414141414141414141414141414141414141414141414141414141414141414141414141414141414141414141414141414141414141414141414141414141414141414141414141414141414141414141414141414141414141414141414141414141414141414141414141414141414141414141414141414141414141414141414141414141414141414141414141414141414141414141414141414141414141414141414141414141414141414141414141414141414141414141414141414141414141414141414141414141414141414141414141414141414141414141414141414141414141414141414141414141414141414141414141414141414141414141414141414141414141414141414141414141414141414141414141414141414141414141414141414141414141414141414141414141414141414141414141414141414141414141414141414141414141414141414141414141414141414141414141414141414141414141414141414141414141414141414141414141414141414141414141414141414141414141414141414141414141414141414141414141414141414141414141414141414141414141414141414141414141414141414141414141414141414141414141414141414141414141414141414141414141414141414141414141414141414141414141414141414141414141414141414141414141414141414141414141414141414141414141414141414141414141414141414141414141414141414141414141414141414141414141414141414141414141414141414141414141414141414141414141414141414141414141414141414141414141414141414141414141414141414141414141414141414141414141414141414141414141414141414141414141414141414141414141414141414141414141414141414141414141414141414141414141414141414141414141414141414141414141414141414141414141414141414141414141414141414141414141414141414141414141414141414141414141414141414141414141414141414141414141414141414141414141414141414141414141414141414141414141414141414141414141414141414141414141414141414141414141414141414141414141414141414141414141414141414141414141414141414141414141414141414141414141414141414141414141414141414141414141414141414141414141414141414141414141414141414141414141414141414141414141414141414141414141414141414141414141414141414141414141414141414141414141414141414141414141414141414141414141414141414141414141414141414141414141414141414141414141414141414141414141414141414141414141414141414141414141414141414141414141414141414141414141414141414141414141414141414141414141414141414141414141414141414141414141414141414141414141414141414141414141414141414141414141414141414141414141414141414141414141414141414141414141414141414141414141414141414141414141414141414141414141414141414141414141414141414141414141414141414141414141414141414141414141414141414141414141414141414141414141414141414141414141414141414141414141414141414141414141414141414141414141414141414141414141414141414141414141414141414141414141414141414141414141414141414141414141414141414141414141414141414141414141414141414141414141414141414141414141414141414141414141414141414141414141414141414141414141414141414141414141414141414141414141414141414141414141414141414141414141414141414141414141414141414141414141414141414141414d6a41794d446f774e546f794d4341774f546f7a4f446f774f4141794d4449774f6a41314f6a4977494441354f6a4d344f6a4134414141414141594241774144414141414151414741414142476741464141414141514141455a5142477741464141414141514141455a77424b414144414141414151414341414143415141454141414141514141456151434167414541414141415141414948514141414141414141415941414141414541414142674141414141662f592f3973415177414942675948426755494277634843516b49436777554451774c4377775a45684d50464230614878346447687763494351754a7941694c434d63484367334b5377774d5451304e42386e4f5430344d6a77754d7a51792f3973415177454a43516b4d43777759445130594d694563495449794d6a49794d6a49794d6a49794d6a49794d6a49794d6a49794d6a49794d6a49794d6a49794d6a49794d6a49794d6a49794d6a49794d6a49794d6a49794d6a49792f3841414551674241414541417745684141495241514d5241662f454142384141414546415145424151454241414141414141414141414241674d454251594843416b4b432f2f45414c55514141494241774d4342414d4642515145414141426651454341774145455155534954464242684e525951636963525179675a476843434e4373634556557448774a444e69636f494a4368595847426b614a53596e4b436b714e4455324e7a67354f6b4e4552555a4853456c4b55315256566c64595756706a5a47566d5a326870616e4e3064585a3365486c3667345346686f6549695971536b3553566c7065596d5a71696f36536c7071656f716171797337533174726534756272437738544678736649796372533039545631746659326472683475506b3565626e364f6e7138664c7a39505832392f6a352b762f454142384241414d42415145424151454241514541414141414141414241674d454251594843416b4b432f2f45414c555241414942416751454177514842515145414145436477414241674d52424155684d5159535156454859584554496a4b42434252436b61477877516b6a4d314c7746574a7930516f574a4454684a66455847426b614a69636f4b536f314e6a63344f547044524556475230684a536c4e5556565a5857466c615932526c5a6d646f6157707a6448563264336835656f4b44684957476834694a69704b546c4a57576c35695a6d714b6a704b576d7036697071724b7a744c57327437693575734c44784d584778386a4a79744c54314e585731396a5a32754c6a354f586d352b6a7036764c7a39505832392f6a352b762f61414177444151414345514d5241443841374855373057646f784278492f432f34317952792f4c486e2b644b4b304c4f733057302b7a5749636762356554394f316177714875494b634b517877705254454c5468306f41634b64514d4b723331366c6c626c3249334563416d6d68486b477236732b7636675a6935617968664d515053562f37353968324834315561614f4d5a6c6b5241653773426d6f6d3775783052566b4f5761467a386b3062665277616d7763644b67754c484c3070314251763171516531424c43716d7252732b6a336533495a497a4976315835682f4b6e4863543250544c655a626d32687545355756466366516a5039616d414f4b36546b4841633161737a7475597a2f74444e414851597077465141555543504a6453764465586a766e354634556567714851672b71796f775462457a6b72366c422f4566727a2b474b725a466e654159414147414278556c5a43415534554451377453696d49576e696742525471426a5a4a55686961527a685647613878385736374c6633543245546b446a7a79702b36765a42376e763766576d7446636356646e4f6a41774d5941364164716b774758444b47486f52574275515070316c4963765a77452b706a47616a476b57616e4d506e514831686d596631785671544879706b677372754d596931536248595452704a2f51476e6a2b30342b6f744c6744706a64453336376852644d4c4e446a6576476358466a634a2f74494249507a485036552b50566247526776326c55622b374a6c542b74446a32467a6479394741347947444c366738564955446f794d4156594545487544535767397a705042737a5465464c4553484c777130446638414a582b514662344853756b3557504653526e44412b6c4d52306938674831464c575968614b594868656f4d37774c62786b3737682f4c794f6f582b492f6c2f4f7579384d325377576a54426342766b5165696a2f50365553324c5a764c3170395a694670776f474c53307843696e696742777061426e46654d2f4552744978623278445375537359375a377366595677434b565442646d596b737a4d636c6d50556d6c4e32566a536d7570497139366b4134724d3174636346347034416f4c48597077555a6f4578324e774949366a46564a4e4b446a3933634f422f646b55534c2b54632f725454496570554f6d54577a62785a42736448735a5447342f7743414d634838367357397a634d327933766f705a41656265396a4d63672f45632f6f61766357715a302f674761554e71316c5044354c706343594a7633634f4f5344365a42727338567448593535626a674b656735785445644262747574347a2f73314c55434369674477797a543764724572726b7241664954304c6e6c76793446656c51524343336a695867496f464b5a624a6c70315149576e554446714f4b627a7047387341787278753954375578453448656e6755414f724c31335534394e302b535235424741685a6e50384b6a7161613347655279334d756f584c3373774b6d54694e47366f6e5966587561465831724f62757a654f694a414b64673536564a6f6b50417034484e41324f417079726e70326f494a51766f4b65425143516f464d6d74596270504c6e6953526532345a783950536d4e6f6b384f786a5466463849535a32697649476a3275323742586b59503531364858524456484e4e576b4f413570366a6d6d516256696332712b78717a5569436c6f4765532b45645038737862783830613733507137636e3953613753706b55783448464c556948597077464d5a6e3331305377744c664a6c6334596a74576a424373454b78723055552b67456f48464f7043426d43497a73666c555a4a72796e7864717a61727178736c4f62654568355232593956583644716677707252584b67727378774f6338354a703446596e536c6363467a547851554f417961666a416f4a5935526b2b315342636442516952347077464d7444735534436b4a73597a434455744c757a78354e306f50306235542f4f765263666a57395034546e71626a674f4f4b6542566d5a716165637873505135713753414d55754b5148423642622b56596559523830725a2f43746744465139786a7355374649596f36315331472b46704673546d5a687750516574556c6352446f7474754c33556e4a50436b2f71613273555063426164696b444f6338593632756a365249514e306a4142552f764d65465838542b6d61387667695a452f654e766c596c35482f764d65706f6e6f6a576d69624170366a7561794f693168324b63426e76514a6a774b6371383830456b6f484650464d454c696e6755696d4f4170323267686c6256496d6b307535322f6652504d58367279503556364e61797263326b4d36484b536f72672b78414e6255396a4b6f54696e4163316f5a462f547a2b384939567252704d416f78534135653368454676484550344643314d4255444841556f4641797666586932634f34387565464663336d533575437a4573376e7161754b36676a72726545513236526a2b45564e554348414446424956537a4867444a706950495045326f4e7248695631334532396965505270574850384133797648314a716b427a6a76555465746a70704c51636f34703471445563425471524c4868546a3371554c54454f464f41706c44674f4b65423270457363427a6755384c5153503242737165516544572f7743444a576b384b3263626e4d6c767674322f344135582b514662557a4f70736441425471304d69315a74747546392b4b31616c67464649446e4d553443704b46714f3475457459544c49656e5165706f45637664584c33557a534f666f4f77465864476738322b556b63494e7872585a444f6f7853347249516f72493854616e48704768584e3149514171467679464e43506e61313861694c634a374d755763757a4b2f4a4a4f536130345047756c7678496b38583158634b54686655336a55746f7a55743965306d364f493951684239484f7a2b646155654a46334956646656546b66705762693061637961304a4e7561656778796151456746527a693541427468455433456d656679706a3645613356306e45326e794831614677342f49344e4f477157506d434f53635153482b4363474d6e2f414c36786d6e62734b2f63766f4179686c495a6655486a3836654230715244774f315041394b6146754f43316f2b4470696c37724e677834575a4c6d4d657a727a2f3438702f4f744b65354e526536646142326f6a644a4e32787732306c546a7361314d4378416473716e304e62474b6c674c696d35773458314649446e674b6469704b4565524959326b633456527a584c58313239355075626852393166537169675241427a5851614246684a5a4d64777639617037434e716d5453655648752f694a776f397a55434a635635393852706674747a5a61506a4d55684d6b343955586b6a385356464e626a52794a384e614977353079332f4145663171475477646f4d71342b786244367049772f6d54576c6b55555a2f68357063672f6358467843337668682f53732b543465583173322b773152633973376b5035696b3049564e4c386236667a484f6268522f435a412b667a6f667864712b6c757136767047334a7747414b5a2b6e55476f63436c4e6f307258787a6f3834416c4d3175336f79354835697471303166544c7a2f4149393736427a3662384839617a63476a5a56457a51326b65314b386154526d4b574e5a497a31523142552f676167475a35384f366635686b74306c7370443161306b4d5836446a394b6162545872506d32766f623550376c796d312f7744766f6631716b37376b3237434478456252746d71366463326e72494638795038414d567357562f5a366a4876744c6d4f64652b78736b66685131596357573855756c4e396e385a57543477747a6279514d66635963662b7a56554e777166436434427a574434556e61347439525a6a6e46394c672b32654b324f633646654d4774706555552b6f715a414c5547374e376a30576b68474c534f797849586b4f4641354a71526e4e36686674655338635272393166362f577151475457715179524635365631576b522b5870366637524a715a435a6578564f562f4f314b4745666454356a39616c434c2f51456e7431727a47385734315858373637574e335257386945714d384c79782f77432b69522f77455655526f7352654839516c775261762f77414334717976686a55542f7741734150384167592f78712b5a44754b6644576f676638652b666f772f78714e7444763036326b7634444e484d6845443263384f643854726a315531786e78486a3365475566484d647776345a4270743644504c4c64424a4b46627057377048686166574a474d456e6c52703936522b52394f4f395a36337363474d78697773584f5330525a762f3841684950427a776f4e544a6a6c79565658334b63657174396176366638534c684d4c714e6b6b6f2f76776e59333564442b6c4a77544f6e4234754f49704b72485a6e5861643473305855774248654c4649662b57633379482f414172654179416543443049724a78736473576d5077434d455a396a5750652b46644d7535445045723256313145397132773539774f445454734e78544b6f6678526f334d69783631614c2f41424b4e6b3448396631716132385561626658756d7a517950446377586b666d57387137584150796e6a76313756533375694733617a50577057387547527a2f41417154584c2b434749687530627249556e782f764374544a624857697469413567512b314a6b736b716a43323638336575616c415a6641556b6e436a716135335539514e792b794d3468553866375876524646497a674d3038414372416a2b317048714d4e6f564a65564763456441426a2f477535746b3875326a543055564d684d6b646848477a7430555a4e5a756d5a6c75354a6a31782f4f6b74674c577133483254533535523937627451657248676672544e4e7330302f543765316a48456141453979657050346e4e49433353304346785468514175304d4f514439613433346d614c61336e67445748573351545252435a5841775274494a2f544e50595a387932672f306a487458726e6865465976443976744142664c452b707a2f6e3871715078487a58455572553076502f4d3550346b352b3332492f77436d4c482f78367548707663394c4a2f38416361667a2f4e6e632b472f42454f71364c397275355a49704a546d45706a6866556a766b3146654a346b3846794b386432306c6d577772353349665971656c446a706335734e6e4b6e6a5a5961576d746b2f513374492b4a566e4f56693153326133666f5a5973736e346a71503172743761654337675365336c535746786c58513542724355624830635a33524f4152575872756b326c335a50644e41677572663937484b6f77774b383966777052646d444f333161384b654535377057797a3277326b647977414838367a764471693331716133412b553269592f3443784662766379577a4f7341725474442f6f34396a69683745443768396b4c487565425647322f342b452b744a41637471756f427962654535554835694f3959324d6b6d6d6c6f554f4139716546342f437141357930314f50552f4831684841704e75734569724c326b4f526b6a32392b396574675934714a435a523153625a417351504c6e6e3655614f6e376d52765530644144564358764c4332417a756b4d6a6652522f696175564968635537464143303443674263566d2b4a4c527237777471316f677930316e4d696a314a5134706766496c6e2f77416641353756374234624962772f6159374b522b70716f2f45664d38522f77342b762b5a7958784a6950326d776648574e6c366539637a3465305358584e566a746c7949683830722f33562f7837553375646d5834694e484b31566652503832653152524a42436b5561685934774656514f414b353378466244577463306e513135445365664e374950386d726c73664d5a4e46314d6642767a5a6e2b4f66414d4e72433270614e47565651576d74687a6766336c2f777176384c3951497537725458623558547a6f786e6a493450394b786c73666f736447656e4266576b6e693832326d6a50386145592b6f724a476f792b387a55666876704e6b73375254585a696a45693952737978503841343554764346354c64617a434c6b6262754f336b686e482b30724c7a2b4f633173397a4c6f7a76674b304c492f7553505130325a6b64362f4b7036636d6f72622f5872523041382b50583270514b5a514d79786f306b6a424551626d5a6a774236317965703673327344796f6438646a6e6b64444f50662f4147666276337053646b5646585a4c345a694c654e394a4948473251645059563748696f36436e7559477054655a644f65796344384b766548626d4f39305747366a4243533549422b754b726f5377527650313236663841687434316942397a38782f705636704164696c416f455078533077466f7744776568344e4148783371466e2f4147583469764c452f77444c746376446e314373522f5376547643456f6c304655344a6963722b66503961715078487a6e45636230552f4e46375764447339647456677539343248636a7163466658384b5852744573394474444461676e6363764933336d4e61323175664d6658717631583672396d39792f4e50486232377a7975466952647a4e3756483451306d346e696d38563361592f74466a4861716571517165507a782b6e76536d7a3275477146366b367a364b33336d3763414d34556759417761386e30577a2f414c462b4b597331346a5a3356663841645a535257446572507456736a316648504170366a74575a73596d6a7947352b775162766c30364f3479762b303070555a2f344372666e57357064733050693633756c49437a784f6a6a2f6143357a2b6c6158393479613930375772746b63527637484e57596c575274376c6a334e5357672f66725441382b78376436563353434a355a5843786f4d737a64425447636871477154617649564b744859723979496a6d516a2b4a2f6230583854566648474b353579757a707078736a62384a4144786670374e2f646b412b75327656705745554c7636444e58485978716645637064584563454d74784f77574e464c737837437276674f644c6a7770627448473061695352646a64523835503961746b64446c39492b4a5667504675706150716358325150654f4c61354a2b53514137526e50543776423656364d4f51434f6836564944674b55436b41366c7069436c4641487a52385874484f6b6550726934555969765174776d42675a364d507a4766787131344676463354577a48486d4b48515a39427a2b6e3871612b4a486935375463734b7a74774b79376d36462f65445472636b71704275485539462f752f553173397248784e434e354f66534f762b58346b54324d2f6a44784242346373437932635442372b61506f69442b48363137447156704462614773454d61704462716f52414d4141634143737050552b377958442b78776b62377931667a4f4e6b35636e31504e6564654c31476c2b507446315470473778377a39477766304e5a526570376b6c5a4870425861534b5665745361644445384e324457743172557a412f3652664e747a2f64482f7742636d756d73786a5662467638417071772f4e47716b37794d3373645455386237494a42335969746a41687178616a393850705142353637527752504c4b367047674a5a6d4f41425849366a71556d71795a775574464f59347a7757782f45333942323738394a6b3749306772737230344c584f64527165486d38767854704441395a6d5838314e656f61744a7374516e647a6a4662514f577038523535347075764f6d74394b6a4f51534a376e2f63422b566678626e364b61364477546652327568616f30683278326b72797566516264782f6c546239344c65376338326d306533316a52594972785435686a4469516665566a7966314e542b47664857712b434c314e4a38522b5a6436537878446367466a475062314871703548617054766f564f4f6c7a32717876725455374f4f387362694f347435426c4a493279445671714d52614b414641707746417a6850696e344c506972773935396f6d64527367586941475449766466723656382b36526579325677726f5373305463412f316f65787959796d716c46706e5850347131485574747061774c464c4a387556795366703656647476744d6b79654866444b666174556e50384170467944387350717862746a2f504e55704e36732b616f356248326b635048564e336b2f4a624c356e7450684877726165453947537967627a5a322b65347547484d72397a39505155337848656749746f6a632f656638416f4b6957783968434b756b6a6d534d6d7650666971417472706b67507a6833782b514e524863364a2f4364395a7a6661745074626a503841726f5566387744566c42786e31704d487353426662465052764c763950622f703555666d4350363034376b4d367a464c573569474b73326f2f652f515541654d61682f61657073476b734c6d4731427a4845305a79336f7a663464767256466f575437364d7039775258504b53624f716d7249545a6a6e464c69704c755874492b5878467044656c32422b594e656a367a4b763267426d7773615a4a394b327037484e552b493878575a727935754c393837726c3871505242776f2f4c2b64584962787262772f346e74782f79385773616a3675336c6e2b645465386932766449396f4843384163436f72717a743736326133756f316b696271442f41442b745174476132756a6e375744784634487532765044317939785a4674306c6f334f523772332b6f35723066777a3857744331706c747451622b7937336f556e4f454a396d3766513472564f364f6155624d3941484979446b486b45556f464d67645330444856356234352b45555775587236726f6373647065755330735444354a4739654f684e434539565a6e4c3652384676456b743070314c55594c4f446f35676373374475423072325077333457307277727034744e4d74776d66395a4b65586b507154515247455966436a53764c704c4f32615a2b33414871613469356d61655a70484f5759354a715a506f64464a645345446d764d2f462f6e2b4c2f453976704f6c715a493755465a5a683978435438784a3976317052376c7a3273656c57746f74705a5157714d53734d6178676e7667597177712f6c556866516b7836306b672b6530397271482f414e4446557478644472364d63567359433471316144393433306f59484f633070554d4d4d415236486d764d544e7a4e766644756e33694e6946595a434f486a47503036567a5637345a7662584c496e6e526a2b4b50722b5661786d4e53376d62623574395530313846536c35487766633472702f47563535646c5047726b5358636e6b4a2b5058394161366f6245542b493564554371464134555946556236346c68763753325251593778676b6839416845672f55566d747a5a37476d427a54674b6c677834474f617a7456384f36627249335863474a635945306679762b66663841476d6d3053316370365950475867356c54524e512b333243394c4f666b416567422b372f414d42497273744e2b4d4f6e623167312f54727253352b685a6c4c49543965754b31547559796859376a532f45476a3679676254745374726e504f314a42752f4c7257706a326f4a467853307843316c654950454f6e2b47644b6b3144555a746b613849672b3949335a56486330775277746e72397a346965532f6e6b4b6f3345567368796b4b2b35364d35376e743071315754334f6d4373686c7862666162575342705a5967347758686261342b6837556d6e61625a3656616932736264495967636b4b4f5750715433507561562b676d5757614f4a504d6c6b56463957624171744c717343444d58377a50526964712f6d66365530426468667a596b666a3568327a5432487a572f38413138772f2b68725451505936367173467a353937637849564d63474562485865526b6a3841562f4f746a6e4c5657375163736154413577436e415635794e6877464f4170675948696e5437662b7a547141514c5062537879686c4855427831724531794b34314c5755454d545351574d572b52674d346b66702b536a502f41713661637663594c5671356d2b57515478696d4e62704a4c4737726c34695368394d6a4270584e72706b6f4650417045736542362f6c556758464e434867556b73454e7847556e696a6c516a6c58554555584b7359567a344930655a2f4e747850597a41354432306d50304f66307856713358787a704750374d38552f616f782f7979766f3933345a4f66356972552b356e4b6d616b487847385a324132366e345874723064704c4b55702f38562f53727966463761423970384b6176472f63494659663071376d584978582b4a577561676858522f43636b5a49346d31436259712f384141514d6e3878574e506f4e31723138756f654b62372b304a6b2f316474474e6c7646374265702f483863306e4b786359647a646a524930574f4e465252774655594171554c6973326150525748642b5457426536764e504b59374b644c645679475a794e7a48327747494834666c516b4257534f4e5844334d383872347a6b4949782f33334b53333559713362794c356d62614742446a37385554334d682f34456341667256694f68744e7874314c2b615748557a4b41352b6f48464f6c4f4a724a516676586b492f774448676636556c754a3748553374306c6c615358443868427750377837443854574a34506a614f4456664d62644b2b6f4f38687a315a6b516e48747a57706a304f6a7133616a434d665530456e4f64366469764f4e7877464f7067557461744776644376725a65586b67594c39635a48363151384746726a772b756f794b566b7670576e496271423931522f33796f7252503352476c65614e5a333253385157542b2b6e42726e6237777a6332774c772f7634787a386f2b596668332f436d6d556e334d63777370494977523142375567516a7256574b4a414b63425447682b4f4b634251554f417034583854515179525269704154366d6d43467763354a706661676f6b43394b5669696a63374b6f48636e4649692b706e3365703272425937625534306b7a3877686a38396a39414d315653316d6e345730763567782b3963537262702f3379506d2f774448617461415352614465627372505a32696b394c653338782f2b2b332f414d4b3046306e6371693476377962614d59387a59507958464630434c6c765a775775664a6a326b39535353542b64537248356d7236577670636c7a2b45622f415031714937684c59753676634a6433793271674e4862454f352f322b772f41632f694b64346147313956487265412f6e4648576c39544a713054657139624445503430325a6e4e696e67563535754c696e4155304a6a76616f624b3069734c4b47306742455553375542394b70434c4948536e4155786c5737303231766c496d6947372b387642726e7233773150466c37592b6176703061715768555a57305a6b5357306b4c625a4933512b6a41696b326531556158516f464f415070514a7365712b6c50413971614550417077474b436832302b6c50526651556850596b43453079577774726c6b6165336a6c4b2f643371446a3836614a4a3434566a546247716f766f6f78566d4b316c6c2b35473766515537675730306d36632f366f722f764846527a32625730766c755157774478534570496c75624132317046493344794535487057466461716d6e617a70385958666353704e3545654f723441476651636e4a39425652334339305859496a46454665517953453565516a6c325055316f2b48522b3831542f414b2b562f774452556456446534702f436267465834385232345a7946554c6b6b39414b746d427a59484e4f727a7a63634b634256496b55436e6755774648536c70674b4b555577426b563132756f5a6652686b566e3347673255344a524443783770302f4b7131476e597a5a66444d366b2b56496a6a746e6731442f5946396e2f564c2f774239436e63745351663244652f3838522f33304b634e4376662b6550384134384b4c734f5a4567304b392f774365592f373671526442753859326f507131416e4e45792b48376a7538592f47724365486a2f41427a676652615375547a466c4e427468393653527679465745306d7a542f6c6c6e2f654a4e4d584d79644c4f326a4f55676a424866625534394b61466355566e785734754e516c6e5966496a5948755254424464614762654c2f65503871354747783833573574526c51686b6a386944505a65724838542f4b6d6934374769422f3841727162515a41494e616c48524c6f382f534a4b714154324e3231637a57384c396436672f6e52726f4e78612f32656a34444a766e4872474f712f3841416a78394d31556e5a474b334d2b6e4156776f3148436c41716844774b58464d59744b4b596863436e4155774859347077464d42614b41467853304346706142436755366d67436c6f414b577153474c534967524171394251497a395a2f3439342f3841652f7057486a6d67306a7357374f784e314c673545592b3861687646483258564c5333796a586430304b6c5279763774517a66674161635872636d5475624f6c4973466a617137664c46457557506f423171573248327547613650573548792f376e38502b503431553373516a4f41703163694c464170324b5978314c564346464f7851416f464f716748415574414253346f41576c6f454c54674d5543466f70674c5254517861576d49576967444f316a2f55786637782f6c575a62577233456f5652395365314261324f696768534349526f4f422b7463355a49582f7443384c41704162674c6a2b2b7a456e386c326a38545153573263795157656e7873504d755542635a354553344c6e386371762f41713231415541414141634144745650635269556f466378592f42705254514330754b5968324b58464d42314f464d42614b414855744167705251496342533077436c6f414b634256494178533041464c54416f616c47307a5178714d6b6b38566174725a62614c614f70366e316f4866516d3756696659593946384d66596c6c4c6b4444534f6558646d797850314a4e4a6f534a4e45547a7a4e71544c6a7a73527767396f6c36666d636e38523656723039774d5564615543734378324b576d6843675537464143347031556b4134446d6c6f414b58464144714b43526355385530415555414c5254514330744d597446416831464d5177522f767a49657732722f576e30414c6a3272443853517a5869574e684363656663715a47783052666d6238774d666a536577317562616f71497171414655594148616e5578474b425369734451576c464d51366c464e414f487254735577466f6f4164533043467853696751344446464d417061414678533151777061424330744d5155754b41466f6f414b72655137616d4c686a38695246464765704a79542b672f4d306e71434c4f4b4b64674d664646596c69675574414471645649427770614146706355414c5251534f7854756c4d41706141436c465568693055414c533043466f70694670635541464c5259416f7067464641474e53675667574f4170614541345534437141576c6f41576c6f45464f416f454f6f70674c52514d576c7167466f6f454c5330774678533043466f7067464641425251415555415934464f72417358464f7856494277464c5141744c6967544646464168324b64545142533041464c54517863555578433074414330436d496453304146464d416f6f414b4b41436967444a417061774c48415534437141576c785141744c326f45464f416f454f6f70674c52514d58464c5643436c6f41576c7067464f464168614b5942525141555541464641425251426c5970324b79525934436c6f41425471415974464249346330366d67436c6f414b5556535143307441425330414c5254454f706161414b4b41436967416f6f414b4b41436967444d41357077465a497357696742314c51494b6342514964525441576968444670616f51765369674261576d415576616751744c54514252514155554146464142525141555541662f396e2f3454486f6148523063446f764c32357a4c6d466b62324a6c4c6d4e7662533934595841764d5334774c7741385033687759574e725a585167596d566e615734394a2b2b3776796367615751394a3163315454424e63454e6c61476c49656e4a6c5533704f56474e3661324d355a43632f5067304b5048673665473177625756305953423462577875637a703450534a685a4739695a547075637a70745a5852684c79492b50484a6b5a6a70535245596765473173626e4d36636d526d50534a6f644852774f693876643364334c6e637a4c6d39795a7938784f546b354c7a41794c7a49794c584a6b5a69317a6557353059586774626e4d6a496a3438636d526d4f6b526c63324e79615842306157397549484a6b5a6a7068596d393164443069645856705a44706d59575931596d526b4e53316959544e6b4c5445785a4745745957517a4d53316b4d7a4e6b4e7a55784f444a6d4d574969494868746247357a4f6e6874634430696148523063446f764c32357a4c6d466b62324a6c4c6d4e7662533934595841764d5334774c79492b5048687463447044636d56686447397956473976624435586157356b6233647a4946426f623352764945566b61585276636941784d4334774c6a45774d4445784c6a45324d7a6730504339346258413651334a6c59585276636c52766232772b5048687463447044636d5668644756455958526c506a49774d6a41744d4455744d6a42554d446b364d7a67364d4467754e544979504339346258413651334a6c5958526c524746305a5434384c334a6b5a6a70455a584e6a636d6c7764476c76626a34384c334a6b5a6a70535245592b504339344f6e68746347316c6447452b44516f674943416749434167494341674943416749434167494341674943416749434167494341674943416749434167494341674943416749434167494341674943416749434167494341674943416749434167494341674943416749434167494341674943416749434167494341674943416749434167494341674943416749434167494341674369416749434167494341674943416749434167494341674943416749434167494341674943416749434167494341674943416749434167494341674943416749434167494341674943416749434167494341674943416749434167494341674943416749434167494341674943416749434167494341674943416749434167494341674943414b49434167494341674943416749434167494341674943416749434167494341674943416749434167494341674943416749434167494341674943416749434167494341674943416749434167494341674943416749434167494341674943416749434167494341674943416749434167494341674943416749434167494341674943416749416f674943416749434167494341674943416749434167494341674943416749434167494341674943416749434167494341674943416749434167494341674943416749434167494341674943416749434167494341674943416749434167494341674943416749434167494341674943416749434167494341674943416749434167494341674369416749434167494341674943416749434167494341674943416749434167494341674943416749434167494341674943416749434167494341674943416749434167494341674943416749434167494341674943416749434167494341674943416749434167494341674943416749434167494341674943416749434167494341674943414b49434167494341674943416749434167494341674943416749434167494341674943416749434167494341674943416749434167494341674943416749434167494341674943416749434167494341674943416749434167494341674943416749434167494341674943416749434167494341674943416749434167494341674943416749416f674943416749434167494341674943416749434167494341674943416749434167494341674943416749434167494341674943416749434167494341674943416749434167494341674943416749434167494341674943416749434167494341674943416749434167494341674943416749434167494341674943416749434167494341674369416749434167494341674943416749434167494341674943416749434167494341674943416749434167494341674943416749434167494341674943416749434167494341674943416749434167494341674943416749434167494341674943416749434167494341674943416749434167494341674943416749434167494341674943414b49434167494341674943416749434167494341674943416749434167494341674943416749434167494341674943416749434167494341674943416749434167494341674943416749434167494341674943416749434167494341674943416749434167494341674943416749434167494341674943416749434167494341674943416749416f674943416749434167494341674943416749434167494341674943416749434167494341674943416749434167494341674943416749434167494341674943416749434167494341674943416749434167494341674943416749434167494341674943416749434167494341674943416749434167494341674943416749434167494341674369416749434167494341674943416749434167494341674943416749434167494341674943416749434167494341674943416749434167494341674943416749434167494341674943416749434167494341674943416749434167494341674943416749434167494341674943416749434167494341674943416749434167494341674943414b49434167494341674943416749434167494341674943416749434167494341674943416749434167494341674943416749434167494341674943416749434167494341674943416749434167494341674943416749434167494341674943416749434167494341674943416749434167494341674943416749434167494341674943416749416f674943416749434167494341674943416749434167494341674943416749434167494341674943416749434167494341674943416749434167494341674943416749434167494341674943416749434167494341674943416749434167494341674943416749434167494341674943416749434167494341674943416749434167494341674369416749434167494341674943416749434167494341674943416749434167494341674943416749434167494341674943416749434167494341674943416749434167494341674943416749434167494341674943416749434167494341674943416749434167494341674943416749434167494341674943416749434167494341674943414b49434167494341674943416749434167494341674943416749434167494341674943416749434167494341674943416749434167494341674943416749434167494341674943416749434167494341674943416749434167494341674943416749434167494341674943416749434167494341674943416749434167494341674943416749416f674943416749434167494341674943416749434167494341674943416749434167494341674943416749434167494341674943416749434167494341674943416749434167494341674943416749434167494341674943416749434167494341674943416749434167494341674943416749434167494341674943416749434167494341674369416749434167494341674943416749434167494341674943416749434167494341674943416749434167494341674943416749434167494341674943416749434167494341674943416749434167494341674943416749434167494341674943416749434167494341674943416749434167494341674943416749434167494341674943414b49434167494341674943416749434167494341674943416749434167494341674943416749434167494341674943416749434167494341674943416749434167494341674943416749434167494341674943416749434167494341674943416749434167494341674943416749434167494341674943416749434167494341674943416749416f674943416749434167494341674943416749434167494341674943416749434167494341674943416749434167494341674943416749434167494341674943416749434167494341674943416749434167494341674943416749434167494341674943416749434167494341674943416749434167494341674943416749434167494341674369416749434167494341674943416749434167494341674943416749434167494341674943416749434167494341674943416749434167494341674943416749434167494341674943416749434167494341674943416749434167494341674943416749434167494341674943416749434167494341674943416749434167494341674943414b49434167494341674943416749434167494341674943416749434167494341674943416749434167494341674943416749434167494341674943416749434167494341674943416749434167494341674943416749434167494341674943416749434167494341674943416749434167494341674943416749434167494341674943416749416f674943416749434167494341674943416749434167494341674943416749434167494341674943416749434167494341674943416749434167494341674943416749434167494341674943416749434167494341674943416749434167494341674943416749434167494341674943416749434167494341674943416749434167494341674369416749434167494341674943416749434167494341674943416749434167494341674943416749434167494341674943416749434167494341674943416749434167494341674943416749434167494341674943416749434167494341674943416749434167494341674943416749434167494341674943416749434167494341674943414b49434167494341674943416749434167494341674943416749434167494341674943416749434167494341674943416749434167494341674943416749434167494341674943416749434167494341674943416749434167494341674943416749434167494341674943416749434167494341674943416749434167494341674943416749416f674943416749434167494341674943416749434167494341674943416749434167494341674943416749434167494341674943416749434167494341674943416749434167494341674943416749434167494341674943416749434167494341674943416749434167494341674943416749434167494341674943416749434167494341674369416749434167494341674943416749434167494341674943416749434167494341674943416749434167494341674943416749434167494341674943416749434167494341674943416749434167494341674943416749434167494341674943416749434167494341674943416749434167494341674943416749434167494341674943414b49434167494341674943416749434167494341674943416749434167494341674943416749434167494341674943416749434167494341674943416749434167494341674943416749434167494341674943416749434167494341674943416749434167494341674943416749434167494341674943416749434167494341674943416749416f674943416749434167494341674943416749434167494341674943416749434167494341674943416749434167494341674943416749434167494341674943416749434167494341674943416749434167494341674943416749434167494341674943416749434167494341674943416749434167494341674943416749434167494341674369416749434167494341674943416749434167494341674943416749434167494341674943416749434167494341674943416749434167494341674943416749434167494341674943416749434167494341674943416749434167494341674943416749434167494341674943416749434167494341674943416749434167494341674943414b49434167494341674943416749434167494341674943416749434167494341674943416749434167494341674943416749434167494341674943416749434167494341674943416749434167494341674943416749434167494341674943416749434167494341674943416749434167494341674943416749434167494341674943416749416f674943416749434167494341674943416749434167494341674943416749434167494341674943416749434167494341674943416749434167494341674943416749434167494341674943416749434167494341674943416749434167494341674943416749434167494341674943416749434167494341674943416749434167494341674369416749434167494341674943416749434167494341674943416749434167494341674943416749434167494341674943416749434167494341674943416749434167494341674943416749434167494341674943416749434167494341674943416749434167494341674943416749434167494341674943416749434167494341674943414b49434167494341674943416749434167494341674943416749434167494341674943416749434167494341674943416749434167494341674943416749434167494341674943416749434167494341674943416749434167494341674943416749434167494341674943416749434167494341674943416749434167494341674943416749416f674943416749434167494341674943416749434167494341674943416749434167494341674943416749434167494341674943416749434167494341674943416749434167494341674943416749434167494341674943416749434167494341674943416749434167494341674943416749434167494341674943416749434167494341674369416749434167494341674943416749434167494341674943416749434167494341674943416749434167494341674943416749434167494341674943416749434167494341674943416749434167494341674943416749434167494341674943416749434167494341674943416749434167494341674943416749434167494341674943414b49434167494341674943416749434167494341674943416749434167494341674943416749434167494341674943416749434167494341674943416749434167494341674943416749434167494341674943416749434167494341674943416749434167494341674943416749434167494341674943416749434167494341674943416749416f674943416749434167494341674943416749434167494341674943416749434167494341674943416749434167494341674943416749434167494341674943416749434167494341674943416749434167494341674943416749434167494341674943416749434167494341674943416749434167494341674943416749434167494341674369416749434167494341674943416749434167494341674943416749434167494341674943416749434167494341674943416749434167494341674943416749434167494341674943416749434167494341674943416749434167494341674943416749434167494341674943416749434167494341674943416749434167494341674943414b49434167494341674943416749434167494341674943416749434167494341674943416749434167494341674943416749434167494341674943416749434167494341674943416749434167494341674943416749434167494341674943416749434167494341674943416749434167494341674943416749434167494341674943416749416f674943416749434167494341674943416749434167494341674943416749434167494341674943416749434167494341674943416749434167494341674943416749434167494341674943416749434167494341674943416749434167494341674943416749434167494341674943416749434167494341674943416749434167494341674369416749434167494341674943416749434167494341674943416749434167494341674943416749434167494341674943416749434167494341674943416749434167494341674943416749434167494341674943416749434167494341674943416749434167494341674943416749434167494341674943416749434167494341674943414b49434167494341674943416749434167494341674943416749434167494341674943416749434167494341674943416749434167494341674943416749434167494341674943416749434167494341674943416749434167494341674943416749434167494341674943416749434167494341674943416749434167494341674943416749416f674943416749434167494341674943416749434167494341674943416749434167494341674943416749434167494341674943416749434167494341674943416749434167494341674943416749434167494341674943416749434167494341674943416749434167494341674943416749434167494341674943416749434167494341674369416749434167494341674943416749434167494341674943416749434167494341674943416749434167494341674943416749434167494341674943416749434167494341674943416749434167494341674943416749434167494341674943416749434167494341674943416749434167494341674943416749434167494341674943414b49434167494341674943416749434167494341674943416749434167494341674943416749434167494341674943416749434167494341674943416749434167494341674943416749434167494341674943416749434167494341674943416749434167494341674943416749434167494341674943416749434167494341674943416749416f674943416749434167494341674943416749434167494341674943416749434167494341674943416749434167494341674943416749434167494341674943416749434167494341674943416749434167494341674943416749434167494341674943416749434167494341674943416749434167494341674943416749434167494341674369416749434167494341674943416749434167494341674943416749434167494341674943416749434167494341674943416749434167494341674943416749434167494341674943416749434167494341674943416749434167494341674943416749434167494341674943416749434167494341674943416749434167494341674943414b49434167494341674943416749434167494341674943416749434167494341674943416749434167494341674943416749434167494341674943416749434167494341674943416749434167494341674943416749434167494341674943416749434167494341674943416749434167494341674943416749434167494341674943416749416f674943416749434167494341674943416749434167494341674943416749434167494341674943416749434167494341674943416749434167494341674943416749434167494341674943416749434167494341674943416749434167494341674943416749434167494341674943416749434167494341674943416749434167494341674369416749434167494341674943416749434167494341674943416749434167494341674943416749434167494341674943416749434167494341674943416749434167494341674943416749434167494341674943416749434167494341674943416749434167494341674943416749434167494341674943416749434167494341674943414b49434167494341674943416749434167494341674943416749434167494341674943416749434167494341674943416749434167494341674943416749434167494341674943416749434167494341674943416749434167494341674943416749434167494341674943416749434167494341674943416749434167494341674943416749416f674943416749434167494341674943416749434167494341674943416749434167494341674943416749434167494341674943416749434167494341674943416749434167494341674943416749434167494341674943416749434167494341674943416749434167494341674943416749434167494341674943416749434167494341674369416749434167494341674943416749434167494341674943416749434167494341674943416749434167494341674943416749434167494341674943416749434167494341674943416749434167494341674943416749434167494341674943416749434167494341674943416749434167494341674943416749434167494341674943414b49434167494341674943416749434167494341674943416749434167494341674943416749434167494341674943416749434167494341674943416749434167494341674943416749434167494341674943416749434167494341674943416749434167494341674943416749434167494341674943416749434167494341674943416749416f674943416749434167494341674943416749434167494341674943416749434167494341674943416749434167494341674943416749434167494341674943416749434167494341674943416749434167494341674943416749434167494341674943416749434167494341674943416749434167494341674943416749434167494341674369416749434167494341674943416749434167494341674943416749434167494341674943416749434167494341674943416749434167494341674943416749434167494341674943416749434167494341674943416749434167494341674943416749434167494341674943416749434167494341674943416749434167494341674943414b49434167494341674943416749434167494341674943416749434167494341674943416749434167494341674943416749434167494341674943416749434167494341674943416749434167494341674943416749434167494341674943416749434167494341674943416749434167494341674943416749434167494341674943416749416f674943416749434167494341674943416749434167494341674943416749434167494341674943416749434167494341674943416749434167494341674943416749434167494341674943416749434167494341674943416749434167494341674943416749434167494341674943416749434167494341674943416749434167494341674369416749434167494341674943416749434167494341674943416749434167494341674943416749434167494341674943416749434167494341674943416749434167494341674943416749434167494341674943416749434167494341674943416749434167494341674943416749434167494341674943416749434167494341674943414b49434167494341674943416749434167494341674943416749434167494341674943416749434167494341674943416749434167494341674943416749434167494341674943416749434167494341674943416749434167494341674943416749434167494341674943416749434167494341674943416749434167494341674943416749416f674943416749434167494341674943416749434167494341674943416749434167494341674943416749434167494341674943416749434167494341674943416749434167494341674943416749434167494341674943416749434167494341674943416749434167494341674943416749434167494341674943416749434167494341674369416749434167494341674943416749434167494341674943416749434167494341674943416749434167494341674943416749434167494341674943416749434167494341674943416749434167494341674943416749434167494341674943416749434167494341674943416749434167494341674943416749434167494341674943414b49434167494341674943416749434167494341674943416749434167494341674943416749434167494341674943416749434167494341674943416749434167494341674943416749434167494341674943416749434167494341674943416749434167494341674943416749434167494341674943416749434167494341674943416749416f674943416749434167494341674943416749434167494341674943416749434167494341674943416749434167494341674943416749434167494341674943416749434167494341674943416749434167494341674943416749434167494341674943416749434167494341674943416749434167494341674943416749434167494341674369416749434167494341674943416749434167494341674943416749434167494341674943416749434167494341674943416749434167494341674943416749434167494341674943416749434167494341674943416749434167494341674943416749434167494341674943416749434167494341674943416749434167494341674943414b49434167494341674943416749434167494341674943416749434167494341674943416749434167494341674943416749434167494341674943416749434167494341674943416749434167494341674943416749434167494341674943416749434167494341674943416749434167494341674943416749434167494341674943416749416f674943416749434167494341674943416749434167494341674943416749434167494341674943416749434167494341674943416749434167494341674943416749434167494341674943416749434167494341674943416749434167494341674943416749434167494341674943416749434167494341674943416749434167494341674369416749434167494341674943416749434167494341674943416749434167494341674943416749434167494341674943416749434167494341674943416749434167494341674943416749434167494341674943416749434167494341674943416749434167494341674943416749434167494341674943416749434167494341674943414b49434167494341674943416749434167494341674943416749434167494341674943416749434167494341674943416749434167494341674943416749434167494341674943416749434167494341674943416749434167494341674943416749434167494341674943416749434167494341674943416749434167494341674943416749416f674943416749434167494341674943416749434167494341674943416749434167494341674943416749434167494341674943416749434167494341674943416749434167494341674943416749434167494341674943416749434167494341674943416749434167494341674943416749434167494341674943416749434167494341674369416749434167494341674943416749434167494341674943416749434167494341674943416749434167494341674943416749434167494341674943416749434167494341674943416749434167494341674943416749434167494341674943416749434167494341674943416749434167494341674943416749434167494341674943414b49434167494341674943416749434167494341674943416749434167494341674943416749434167494341674943416749434167494341674943416749434167494341674943416749434167494341674943416749434167494341674943416749434167494341674943416749434167494341674943416749434167494341674943416749416f674943416749434167494341674943416749434167494341674943416749434167494341674943416749434167494341674943416749434167494341674943416749434167494341674943416749434167494341674943416749434167494341674943416749434167494341674943416749434167494341674943416749434167494341674369416749434167494341674943416749434167494341674943416749434167494341674943416749434167494341674943416749434167494341674943416749434167494341674943416749434167494341674943416749434167494341674943416749434167494341674943416749434167494341674943416749434167494341674943414b49434167494341674943416749434167494341674943416749434167494341674943416749434167494341674943416749434167494341674943416749434167494341674943416749434167494341674943416749434167494341674943416749434167494341674943416749434167494341674943416749434167494341674943416749416f674943416749434167494341674943416749434167494341674943416749434167494341674943416749434167494341674943416749434167494341674943416749434167494341674943416749434167494341674943416749434167494341674943416749434167494341674943416749434167494341674943416749434167494341674369416749434167494341674943416749434167494341674943416749434167494341674943416749434167494341674943416749434167494341674943416749434167494341674943416749434167494341674943416749434167494341674943416749434167494341674943416749434167494341674943416749434167494341674943414b49434167494341674943416749434167494341674943416749434167494341674943416749434167494341674943416749434167494341674943416749434167494341674943416749434167494341674943416749434167494341674943416749434167494341674943416749434167494341674943416749434167494341674943416749416f674943416749434167494341674943416749434167494341674943416749434167494341674943416749434167494341674943416749434167494341674943416749434167494341674943416749434167494341674943416749434167494341674943416749434167494341674943416749434167494341674943416749434167494341674369416749434167494341674943416749434167494341674943416749434167494341674943416749434167494341674943416749434167494341674943416749434167494341674943416749434167494341674943416749434167494341674943416749434167494341674943416749434167494341674943416749434167494341674943414b49434167494341674943416749434167494341674943416749434167494341674943416749434167494341674943416749434167494341674943416749434167494341674943416749434167494341674943416749434167494341674943416749434167494341674943416749434167494341674943416749434167494341674943416749416f674943416749434167494341674943416749434167494341674943416749434167494341674943416749434167494341674943416749434167494341674943416749434167494341674943416749434167494341674943416749434167494341674943416749434167494341674943416749434167494341674943416749434167494341674369416749434167494341674943416749434167494341674943416749434167494341674943416749434167494341674943416749434167494341674943416749434167494341674943416749434167494341674943416749434167494341674943416749434167494341674943416749434167494341674943416749434167494341674943414b49434167494341674943416749434167494341674943416749434167494341674943416749434167494341674943416749434167494341674943416749434167494341674943416749434167494341674943416749434167494341674943416749434167494341674943416749434167494341674943416749434167494341674943416749416f674943416749434167494341674943416749434167494341674943416749434167494341674943416749434167494341674943416749434167494341674943416749434167494341674943416749434167494341674943416749434167494341674943416749434167494341674943416749434167494341674943416749434167494341674369416749434167494341674943416749434167494341674943416749434167494341674943416749434167494341674943416749434167494341674943416749434167494341674943416749434167494341674943416749434167494341674943416749434167494341674943416749434167494341674943416749434167494341674943414b49434167494341674943416749434167494341674943416749434167494341674943416749434167494341674943416749434167494341674943416749434167494341674943416749434167494341674943416749434167494341674943416749434167494341674943416749434167494341674943416749434167494341674943416749416f674943416749434167494341674943416749434167494341674943416749434167494341674943416749434167494341674943416749434167494341674943416749434167494341674943416749434167494341674943416749434167494341674943416749434167494341674943416749434167494341674943416749434167494341674369416749434167494341674943416749434167494341674943416749434167494341674943416749434167494341674943416749434167494341674943416749434167494341674943416749434167494341674943416749434167494341674943416749434167494341674943416749434167494341674943416749434167494341674943414b49434167494341674943416749434167494341674943416749434167494341674943416749434167494341674943416749434167494341674943416749434167494341674943416749434167494341674943416749434167494341674943416749434167494341674943416749434167494341674943416749434167494341674943416749416f674943416749434167494341674943416749434167494341674943416749434167494341674943416749434167494341674943416749434167494341674943416749434167494341674943416749434167494341674943416749434167494341674943416749434167494341674943416749434167494341674943416749434167494341674369416749434167494341674943416749434167494341674943416749434167494341674943416749434167494341674943416749434167494341674943416749434167494341674943416749434167494341674943416749434167494341674943416749434167494341674943416749434167494341674943416749434167494341674943414b49434167494341674943416749434167494341674943416749434167494341674943416749434167494341674943416749434167494341674943416749434167494341674943416749434167494341674943416749434167494341674943416749434167494341674943416749434167494341674943416749434167494341674943416749416f674943416749434167494341674943416749434167494341674943416749434167494341674943416749434167494341674943416749434167494341674943416749434167494341674943416749434167494341674943416749434167494341674943416749434167494341674943416749434167494341674943416749434167494341674369416749434167494341674943416749434167494341674943416749434167494341674943416749434167494341674943416749434167494341674943416749434167494341674943416749434167494341674943416749434167494341674943416749434167494341674943416749434167494341674943416749434167494341674943414b49434167494341674943416749434167494341674943416749434167494341674943416749434167494341674943416749434167494341674943416749434167494341674943416749434167494341674943416749434167494341674943416749434167494341674943416749434167494341674943416749434167494341674943416749416f674943416749434167494341674943416749434167494341674943416749434167494341674943416749434167494341674943416749434167494341674943416749434167494341674943416749434167494341674943416749434167494341674943416749434167494341674943416749434167494341674943416749434167494341674369416749434167494341674943416749434167494341674943416749434167494341674943416749434167494341674943416749434167494341674943416749434167494341674943416749434167494341674943416749434167494341674943416749434167494341674943416749434167494341674943416749434167494341674943414b49434167494341674943416749434167494341674943416749434167494341674943416749434167494341674943416749434167494341674943416749434167494341674943416749434167494341674943416749434167494341674943416749434167494341674943416749434167494341674943416749434167494341674943416749416f674943416749434167494341674943416749434167494341674943416749434167494341674943416749434167494341674943416749434167494341674943416749434167494341674943416749434167494341674943416749434167494341674943416749434167494341674943416749434167494341674943416749434167494341674369416749434167494341674943416749434167494341674943416749434167494341674943416749434167494341674943416749434167494341674943416749434167494341674943416749434167494341674943416749434167494341674943416749434167494341674943416749434167494341674943416749434167494341674943414b49434167494341674943416749434167494341674943416749434167494341674943416749434167494341674943416749434167494341674943416749434167494341674943416749434167494341674943416749434167494341674943416749434167494341674943416749434167494341674943416749434167494341674943416749416f674943416749434167494341674943416749434167494341674943416749434167494341674943416749434167494341674943416749434167494341674943416749434167494341674943416749434167494341674943416749434167494341674943416749434167494341674943416749434167494341674943416749434167494341674369416749434167494341674943416749434167494341674943416749434167494341674943416749434167494341674943416749434167494341674943416749434167494341674943416749434167494341674943416749434167494341674943416749434167494341674943416749434167494341674943416749434167494341674943414b49434167494341674943416749434167494341674943416749434167494341674943416749434167494341674943416749434167494341674943416749434167494341674943416749434167494341674943416749434167494341674943416749434167494341674943416749434167494341674943416749434167494341674943416749416f674943416749434167494341674943416749434167494341674943416749434167494341674943416749434167494341674943416749434167494341674943416749434167494341674943416749434167494341674943416749434167494341674943416749434167494341674943416749434167494341674943416749434167494341674369416749434167494341674943416749434167494341674943416749434167494341674943416749434167494341674943416749434167494341674943416749434167494341674943416749434167494341674943416749434167494341674943416749434167494341674943416749434167494341674943416749434167494341674943414b49434167494341674943416749434167494341674943416749434167494341674943416749434167494341674943416749434167494341674943416749434167494341674943416749434167494341674943416749434167494341674943416749434167494341674943416749434167494341674943416749434167494341674943416749416f674943416749434167494341674943416749434167494341674943416749434167494341674943416749434167494341674943416749434167494341674943416749434167494341674943416749434167494341674943416749434167494341674943416749434167494341674943416749434167494341674943416749434167494341674369416749434167494341674943416749434167494341674943416749434167494341674943416749434167494341674943416749434167494341674943416749434167494341674943416749434167494341674943416749434167494341674943416749434167494341674943416749434167494341674943416749434167494341674943414b49434167494341674943416749434167494341674943416749434167494341674943416749434167494341674943416749434167494341674943416749434167494341674943416749434167494341674943416749434167494341674943416749434167494341674943416749434167494341674943416749434167494341674943416749416f674943416749434167494341674943416749434167494341674943416749434167494341674943416749434167494341674943416749434167494341674943416749434167494341674943416749434167494341674943416749434167494341674943416749434167494341674943416749434167494341674943416749434167494341674369416749434167494341674943416749434167494341674943416749434167494341674943416749434167494341674943416749434167494341674943416749434167494341674943416749434167494341674943416749434167494341674943416749434167494341674943416749434167494341674943416749434167494341674943414b49434167494341674943416749434167494341674943416749434167494341674943416749434167494341674943416749434167494341674943416749434167494341674943416749434167494341674943416749434167494341674943416749434167494341674943416749434167494341674943416749434167494341674943416749416f674943416749434167494341674943416749434167494341674943416749434167494341674943416749434167494341674943416749434167494341674943416749434167494341674943416749434167494341674943416749434167494341674943416749434167494341674943416749434167494341674943416749434167494341674369416749434167494341674943416749434167494341674943416749434167494341674943416749434167494341674943416749434167494341674943416749434167494341674943416749434167494341674943416749434167494341674943416749434167494341674943416749434167494341674943416749434167494341674943414b49434167494341674943416749434167494341674943416749434167494341674943416749434167494341674943416749434167494341674943416749434167494341674943416749434167494341674943416749434167494341674943416749434167494341674943416749434167494341674943416749434167494341674943416749416f674943416749434167494341674943416749434167494341674943416749434167494341674943416749434167494341674943416749434167494341674943416749434167494341674943416749434167494341674943416749434167494341674943416749434167494341674943416749434167494341674943416749434167494341674369416749434167494341674943416749434167494341674943416749434167494341674943416749434167494341674943416749434167494341674943416749434167494341674943416749434167494341674943416749434167494341674943416749434167494341674943416749434167494341674943416749434167494341674943414b49434167494341674943416749434167494341674943416749434167494341674943416749434167494341674943416749434167494341674943416749434167494341674943416749434167494341674943416749434167494341674943416749434167494341674943416749434167494341674943416749434167494341674943416749416f6749434167494341674943416749434167494341674943416749434167494341674943416749434167494341674943416749434167494341674943416749434167494341674943416749434167494341674943416749434167494341674943416749434167494341674943416749434167494341674943416749434167494341674943416743694167494341674943416749434167494341674943416749434167494341674943416749434167494341674943416749434167494341674943416749434167494341674943416749434167494341674943416749434167494341385033687759574e725a5851675a57356b505364334a7a382b2f39734151774144416749444167494441774d4442414d4442415549425155454241554b427763474341774b4441774c4367734c445134534541304f4551344c437841574542455446425556465177504678675746426753464255552f39734151774544424151464241554a4251554a4641304c44525155464251554642515546425155464251554642515546425155464251554642515546425155464251554642515546425155464251554642515546425155464251552f3841414551674247414559417745694141495241514d5241662f454142384141414546415145424151454241414141414141414141414241674d454251594843416b4b432f2f45414c55514141494241774d4342414d4642515145414141426651454341774145455155534954464242684e525951636963525179675a476843434e4373634556557448774a444e69636f494a4368595847426b614a53596e4b436b714e4455324e7a67354f6b4e4552555a4853456c4b55315256566c64595756706a5a47566d5a326870616e4e3064585a3365486c3667345346686f6549695971536b3553566c7065596d5a71696f36536c7071656f716171797337533174726534756272437738544678736649796372533039545631746659326472683475506b3565626e364f6e7138664c7a39505832392f6a352b762f454142384241414d42415145424151454241514541414141414141414241674d454251594843416b4b432f2f45414c555241414942416751454177514842515145414145436477414241674d52424155684d5159535156454859584554496a4b42434252436b61477877516b6a4d314c7746574a7930516f574a4454684a66455847426b614a69636f4b536f314e6a63344f547044524556475230684a536c4e5556565a5857466c615932526c5a6d646f6157707a6448563264336835656f4b44684957476834694a69704b546c4a57576c35695a6d714b6a704b576d7036697071724b7a744c57327437693575734c44784d584778386a4a79744c54314e585731396a5a32754c6a354f586d352b6a7036764c7a39505832392f6a352b762f61414177444151414345514d52414438412b6b7645327652654764446e767047416b4132517166346e4934412b6e552b77723539754c6d66554a6e6c6e646e6c64697a4f784a4a7a6d75682b4a4869722b3374656449332f304b7a3352786453442f65666a31782b583431786568366f6d7461707146686178535366595a30746e6b374e4d51474d61344856515542507132426e427161634f56485565752f426e77324a4a5a39586d5162495359594e772f69783878483048366b31363945506c357a6e765752346430644e4230577a73465651306166764748473579666d50352f77424b31342f756a493537317a7a6c7a534a4830356338633966536d303952307733627236564179526338446f656e482b66386d704163642f38414f4b62366e2f4934707a65337550312f7a2b6443416b35365a4f61586b4565744a3339382f77435453714e787836352f6c54494a34386e61507a7a2f41447156656f397a7a79656d502f72307844382b6338396166474277506f6550382f352f6d46456e3376362f352f452f7253376a366e382f382f352f436b394d342f79442f774457705635626e2f502b656638414f6142424e634a617779545375456a6a425a6d4a3441482b545879582b30313863727a3762443461385058526831712b556d4a674166374f746337577532482f4144304a796b595056765a546e3062396f4834795733672f525a30534e72734b346768745979413937636e376b4b6e5041474357622b454b7a48674450787a473931506458656f366a4f6c3372576f4f4a723637526342334177714c36526f506c5265774871577a63354b6c472f55336f306e4e33364336665a322b6a32634e6a617269336847415332576469636c3359387378504a5939546b317178327a794e6b4b7a416e6a617050662f414f73667a2f477164766a49494979526873394150383472497650682f77434639515a6a506f566d5859354c78526d4a6966716855352f47764f54356e6552366d3269523073634c782f6556686a366766352f7770335042363835794f6e48482b46636c44384e4e496777624735316e53656d445936744f7662305a6d474f5166777165507774346774536673486a4b3859646c315330687576542b4c434e3142376d7174463954574d70525778317366334678307854312f5874584d6866476c75462f354637556c7a796639497458492f447a426e7232785573666954574c5848396f654574515135775a4e4b75596235542f414d4244492f6366776d6a6c31746372326974716a705239345a3535787a396173494f79394d5679712f454c7735353574377a552f7743794c72672f5a3956686b744741394d7971462f552f317270724361445649316d744a34627950744a62794c4b507a556d706c467264454f53657a4a633954332b6c5332796e7a6b4a42323535394d6436456a5a32326c756f7a776331626a6a41774d6268774b555553656c2f73713343743847624854742b2b5852645176744c6b34775235647a4956482f664470587345614d7a6367354278303731344a2b792f71445776696e346c3641563278726557757377722f774266454f795848505466442b76356651534a3879382f4e6a485876672b6e30723359766d696d6a773669355a4e434b7049497766626e2f5062502b5455304b6a474f4d66582b5645612f64774f777a6e4f522f6b564e477654735061744c475a3358674751744264526e6f475567656e622b67727131584f4f4f4f754d66353936347277464a747670492f7743394766304e643367567a53576f723245412f4431703146464b7849555555556d422b612f697278462f776a33682f554e54387637524c43753247487235307a454a46482f774a32555a36347a36632b696673372b426d3075614154792f616d30324e70376d3442794a377152697a766e766c793766677670586c64364a4e633862365870796a64613657763841616c312f462b394f55746c2b6f2f6553647675715258315a384d6447585266434e6f63596d7576394966507639337030774d666e576c53566f6e537a72567972593739442b6638416e38367356586a487a4430586e2f503631592f6c5845514b6f2f54327a5569653437662f4146366a566433547255694450312f2b742f384157706c4569352f586e6a327036726e6a6734342f6d4b614d6c665449342f7a2b48365534594f65442b5641682f774367507278556b66337635315674627547365632686353526f3554636f344a58726739434f33484763316269543573593968544553783543357a2f6b564a482b654f50312f7a2f6b306b595047505566352f4f6e7230486636392f77445039614269382f352f7a362f31726a7669643435742f426d677a534e637832722b5530306c784b514674345647586b5939674642352b7670585436707155576a36645065546e393345706241497978364144334a2f70587778386650694c4e385176464e7a3465566a4a70396e4a4850716b6938724c4b4d5046616536714e6b6b6e316a553978576b6257356d56474c6b3749347a78423473755069443467625872694a6f62434e57693069306d583534594778756d6364705a646f4a422b366756663731564633535a79636e2b564f56576d6672795431507165617378526856794f47786e5050317a586e314a7971533150596a4651566b4a436d7a48723950382b332b53616e534e6a6b5934786e6a366635394b5659777650636450797156564f54744f3173635a2f4c302f7741385642744748566773596b795142672f34342f78715a5977765964665470546c4734314c46486a4f4166772f44387144567361713834503037314e484332374f636a2f38415761636b65306a474d3537314c48486e6f4f47344f4b526935456478434c71316b6759356a5a536f47785856654f75316756343534497878586e326f664363704f6268644230545532424f4a624235644875382f3973795932507563644f677230324f4a5662424a336366352f77412b745759347364736436306a4a6f7935564c51386d57377666446267546549664533687046622f6d59374f4c564c4c4a34774c684f56487558483456312b6e654a50454a7446757a6f326e2b4974504b6b692b384e58367547774f6352795979657641632b6c646a47724b52673766666b5a343656675858772f774247754c75533873347074433143543731356f3876325633366b46315565572f50393944576e4e46717a517553556455793138452f48316a2f773072705676423975744a4e64304f35734c6a54722b7a65326c5357426850477844446e35664e58676b66312b785248745934362b7466436e694b2b38542b423952384a654a4c3257303175783850617842665461676b5974627547334c474f634e454d7049724a4a79554b6b46516470776366654f467932447831552f7743666176536f4e637035654954553776714d5666546f4f6c534b68374450702f6e316f5666626e7638416e55367143696a727a323534352f3841723130746e4d627667392f4c316541723062637034365a482f77426176524b387930562f49764c6469634658552b754f61394e726e6b53776f6f7853347043456f7063555561394173666d37384550445576694b38462f4d474e7a34697654667a4e6a42533378746854506f734b7231377354583139476f6a6a5646474555414b6f376366346679727950344765486b684e336571697042627872617741446852744751506f6f41723242593978774268632f30465a5658716b6445747838532f7741574f656e587237314a516f414846534b754f3350542f77437457416748336365764e534970326e6a754b56562b58767a33502b50353149764f505138386466384150576d4169723247502f312f3546633572327054616a716b576757456a4c4a4963335536352f64702f4550726a4f63656f48656a7870347158516254374e6275446653446a6e2f564b66346a372b6c487735304e724f7862557268543971764d6b467953516d63355031505034566f6f325632486d64546232736472436b4d534259343143716f483351425670463548626b642f7037663578536f6f4742373966782f2b742f6e7255692b763566702f6e2f4978414341664c30366a2b6e2f36366b5664787a372f414f6566784835554b4d65702f6e2f6e725758346f317450442b687a33525a424b5156694c48414c6b6348364472394161704b354a34622b31463858762b455430704e503030527a36764e4b625854344a507553584a584a6467502b576353626e592f683346664b4f6d36642f5a646f4c645a704c6c747a535358556a5a6b6e6c5a697a797566377a4d7a4d63396a6a74576a722f69672f456e786c652b4b537a7670794b31687047346e4274772f377934782f656d635a7a7764694b5057685973736338486b3550552f35362f6a574e61532b42487034656e614e2b6f315969754e71384144504654716f5842376a475430397156462b59446f654d2f352f4f70316a7867343541785849656a47504c714d6a6a334137686a6a4766382f5370316a474d5977505446437165636a2f41442f6e2b5653716f59347a6967707349304a77636e626e304e54496f58417a786e50616c584b59326e6b636a4a7156596a4a30365a786b656e726a2f50576b597433456a6a4d674f3034323953545671336a614e534363676e6755354977754d5659574d6252334e5574434e5a614352727358424750787156564b2f5436304976516a67672b6c544a487a302b6d61445a4c6c47787837756567715a59756878794f543270327737756d502f72564b4677764162412f442f5038416853765969556a46385a364b2f69447754722b6d52676d6137734a6f305566332f4c4f30666e6976706a3455363866465877763849617753576c76744a745a70477a6b377a456f63483333426858684d61374756747564764a2f442f4150563039766576536632564c7035506853326b53484c364472462f70585039784a6d65503666753546474f324b394443533354504e784f7154505734342f6d77446b5a7954672b76465478786a7431344f66616855372b70363436314e6a3836377a7a7953324731674d59786a46656e5153656444484950346c44666d4b38316858484a342b76342f352f47765164436b45326b3237632f4b7530382b68782f536f6b4975675575445439754f2b50536c774e33474d3839503841502b63564678446365332b6657696e6344362b356f7041664f2f77373063365834527349796f57535a66506b50516b73636a2f7833482b6561366b666448616b6867454d53526f753145415565674134412f6c55794c7578786e387679726d6275376d774976506f522f6e38366c56634b4d4467392f6f4b417641394d6366352f57704e75343539365143624e3342342f6e302f2f58575234703854322f6869774d724550647944397a442f41486a2f41486a2f414c49782b5053726d746178426f476e76647a7430346a6a79415a4735776f2f487258696573617463613971456c7864757a7537644d66645830413744466255346377657070364a5a334869767847677548655353643938306a646344722b6e4835635637704443736172476937555542516f36656e3876354870586e76776c30634c4864616934352f314b5a394d416b2f6c67666e697652674432485038416e2f503530366a3173414c6e634366582f436e717034342f4f68562f75353663666b4b6b78312f7257524c59692f4d523350516539664a66375a4878496b756f37547758706c314a46636177306c7138735057477a514437584c6e73546c596c7a33632b6d612b714e65314936506f74336441674f71375533486a6565426e327966307238345a74626b38652b4e7466385773786c74727954374470576348466c437a425748482f4143316b4d6b683639756c567a636b584a6d744748504f784c426278774973554b4347474e516952786a355641414155656d4141426a734b6d525378414741426a6764423950797079786e6370774f65666d7943656638414a2f47705934397173414d67644f65653965633366552b68696c4643527837515431392b6d4236667a71554c6a4f655437647561564635417a3769706b51347a3042483431496e4952597a7a3047526a31716242774d673578302f7a326f34774479443648763841352f77717846622f414d546348734f654b4e544673624646757972444248594431352f7a39617477785948484334394b574f456269656d666170315432783335342f4771425262334557506e67594936383149716e6b347a33365535597a775036314e47753165527a2f3841726f4e4e454e574875656659342f57703041626e5076317056584b355058743950583271654f4d2b6d51777a6a7150382f7743656c4b356c4b5178497a74474f684847342b7638416b314f696e6a727a2f462b482b496f6a486d4e3134344a357a2f6e36315a6a682f756a4136306b6a4a735973513434795431343954307a3372722f32646451577838642f45485147774575445a363541756638416e704762655848754867556e2f65726d6f384142515170376e2f507542567634647a4c6f767837384f334c445975736154656153636e475a493253356a474f3532724e2b527274772b6b7a437446756d7a3657566666614278375649716265414f663841502f31715656366a722f4c762f674b6b41347833412f7a2f414a3936394d386f574e6475414d667a7a31727550436246744e5a66376b70484876673178636163353738385631666739766d75497833437350726e47616957774852676444322f7a2f542f4144326f776476586e2f36332f7742616e415a36656e2b663666725337632f2f414b2f382b6f7245513362747a6a6a2f41442f395955552f627a3766352f786f70585855656e55386755635a36345048482b66382f7249712f694d2b76582f4f4b5652312f77412f3536314a743965536638347241314558492b767655576f583176704e6a4a6458622b5844454f5778796651416570394b6d6b6d69746f586d6d6c574b46427561527a674165756138663863654c483851583279496b574d58455566666f637352366e333644703372534d655a675566465069616678526547557330634b6e4555514f516f2f7154317a575a62706d544f4d41345072787a7a2b5652626371464763644d645053746652624133326f5730436a506e534b6f48587177352f6e58597664515850625043476d2f325a346273494f6a694d4d33484f34386e507031725a56656d4f6e2b66384b4934684771714141716a4148576e4b75376e3871343371376b43686433546f4b637138486a32353756516b756a4e726c745a5267346a517a796b483846583865542b566171495778676e676363642f7744502b654b42487a662b334a385570506876384839542b787579616e6477473173343431334f3038774b4c6a766c5538782f2b414376796c307a7839385366436c76446257313171304672456f534b4335746a4969714f69685a454939712f5254396f54564a50476e782b74593435472f732f77414d326258534c4735414e31506d4f4d3866335959335966384158537359584579717738795448393363534f2f6250746a2f41427a585647484e4855326a666f7a346b302f3971447870703744376661366671435a353836314d525034786c653164646f2f3758466d78566456384d797844484d6c6c64422b663978312f396d723673754c644c364e6f726d4662714d38465a6b387748676a47434436642f577344552f6856344c317843742f34543069646d79664d6a74456966303670745036314c773848304e6f31616b6470486c6d6b66744765414e5432373954754e4e622b3765326a726a38554c6a2f396464786f336a62773172685161663469307537643842593437744e354a3762535133345972493162396b6e3463617647664a734e52306d556b346178766a6a5050384d71763337416a705846616a2b77745a7a536638537a78664e45503459373277566a313479795344366450384b77654554324c2b737a3632506350734a6a3273774f336a6e505531596a5535473465333172353058396d7634782b41314465465046556437446e497472572f65446366654f55424433376d754e306239724c787a3464754a4c5457725777316434584d6369334e74396e6d55716346637862526b594935556d7348686e4859316a6949333935483247712f352f6c574c65654331756270377179317257744c6d5a39352b7a3370654c4a395935413659363859412b6c654f614a2b3264346375516f31627737714f6e746a6c724f564c6851666f327734723033777a38642f682f347132523266695730745a794d694855516256732b6d58776d666f315a657a6e48566f366661307071317a5a68303378645a4c2b36316e533957542b35665744327a6e302b6546694d2f384141443170732f697a56744835316277647154525a78396f304e30314750337969374a56483153757457332f644a4c39364a2b566b5535556a325051392b6c5452786c5741794e33515a72506d31315150736d6362705078633846616e656d3248694331734c3944383172716d36796c485467724d46352f4838385632304d516b6a57565757534a734d485442552b6d434f74566455305454746468455772616661616e4144784865774c4d506241594543754c6d2b41656b366449626a776c724f732b4237736b74733075385a37566a6e6a644249537048734342365534786a4c54597a3150526f31334e30342f384172697243782f4b414d62653330727974727234756543542b3930335350694a7079357a4a596b6166666b653648354363646c424a71336f5037524868432b31622b7839622b3265444e5a4277624c78424359426b382f367a37755063344658794f31304f4c6a65306a30355978774d664c6d756538645877384c6e7731347133744848346431793031433464657132356377546e3665584d784f4f6f4272716f6354525279787572777944636b6b5a425668367152775239502f3135666a445154346b384736396f36385066574539757650384145305a436e2f76724645473479544e5a7053673066562f42415a546b454444416466542b6e2b657558346d3853577668545437613675315a6b754c363173455548487a7a7a4a43702f4e68575438472f454a38592f43587762725474756d76644a74705a54365365577179446a6f517761754c2f414770745162542f414166345545622b5735385561624f577a6762595a504f6250344a587348675731736530642f57742f77414a7965587141552f787151667a4272455a66336848624f5070576e6f456d7a5662667638414e6a723755704c514564736f366366352f7741696c2f384172667970324f6154622b50722f68584b4257616247704a43502b65655350786f716a6254656234696e3771464b6a3341412f784e464f534675656537527a7a786a3039762f7742564f6262456a53794d456a554573376e4155446b6e5070546f3479326364423666353961387a2b49486a49587a4e703968494673346a383869645a574237482b3650314e5a786935624769314b506a6a787333694362374e6245727038625a5252316b495044742b50516476723034397535373954365a36306f7a4c4a676e50546b6e6e465477786857354950716334372f722f6a2b646473556f7251666b4a4844387849414a4842794d2f352f774472313250772b735263654a624c3546325235663659422f38417256785772616c486f6d6a5832707a49306b4e6a6253584d714c6a4a574e43784136636e622b5a7230663448334d57753263657352784e48485059777a6f724545714a565677435233414f5072536e6f684d3956323072794a6277764e4932493431334d63384164616b56657647542f4146394b3537787866697a306c625a542b38755341542f736a6b2f30466371563254596938465350714635716d705367423548436a5047414f5150792f7741613339597646307652377937646c6a4555544573784141774f76735038445762344574504938507249657337744963353664422b484272442b4e577a5550437472346144736b2f694f37545442734a442b5777597a45593547496c6b4f654d5654334471664c7668667754346a38594c66612f46705635646e586275532b6a6c574968664962433236676b41594553782f6d613771792b412f696d37777a327476612b3178634b547a6766773776666a3039712b6b376533697334596f4949316974346b456363614c6855554441554164674d666c55773542395070576e7457746b5535487a33482b7a76727a664d397870712b336e4f652f2b35556a2f733936386d3443665458376e392b772f6d6e3965316651536a313471514b65754d636450365565316b4b3538337a66416e7850446b725957382f502f4c4b35512b76593439717a727a34552b4a6246637a614c63597a7955525a4239666c4a72366b32384e6b35376b2b76586e38763839616c47647a63342f54332f72545661514878786361666361544d4675345a6255352f35624955504831414f4b2f4d4c347a574a303334742b4d72637155323676644541396347566950304e663043584e6e4266526d4b35676a75497a2f797a6c514d50794e666a4e2f77556338465733673339716a7843316e6278326c7071647261583863455132714e30516a59676537784d66716166744f62634c335234506f756c3239357038526b695632596e4a5042366e3039713936384e2f7362663231346569757452316958523952755372706172414a56695870687a6b48646b6a67486a763765612f42665459395138556548494a67476a61375173724c6b454239325078786a4e66665730376942787955783337347a787a332f4141624a365a6f705235704e732f422b4e4f4a7377796e45526f594b70797474747652364a32537337723844383839647666452f774a3862616e6f65692b4b627146374e31563564506c6b69696b4f3048356b5042497a676735475161394338482f7470654b39484b52613970396a346867422b61554c396d7543503935506c50346f6672586e4878387a2f414d4c6b38586b35422f744351594f633976556e6a302f705841314d6f71573650326a4b73545771344768577153764b5549742b626154656d782b6750677639716e3464654c6b6a5334314a2f447436335733315a43715a37346c584b592f336974657a51625a37654f654b525a344a427553574e67794f4f7a426877523731386c664333396b6e53504533777973722f5862712b734e667667626d4b5731646473455a414d537368424463596338672f4d42786a6e695045336737346d2f73783358396f6154724e7a486f545337457637475174624d787a745757463868536651676a72676d737059585336504d792f6a584b63646a5a34436e562f655262566e707a4e6679765a2f6d2b697366656361645156796653716e694477766f2f6a445432734e6530713031697a4f66334e374548436b39315056543771516665766d4434652f747a51532b565a2b4e4e44455a347a71576b67394d446c34485036712b4232584858366538492b4c74433865615375712b487453673153774a32744a437842522b54736345426c6248384a4150635a46636a6a4b477039374770436f6a797954396e6a552f4274784c64664337786e6665467978337470476f4d626d77632f7742334242494831446658696b7466326739632b484f6f5161663857504355756a514f774566694453416269776b77655749424a48545042794f6d797663306a4949786a6a6e703666682f6e6d7047743472324757336e686a754c6151465a4970554470494d64474234596339365371582b497a6356396e51332f414e692f78425a36353846354c585437684c7979306e57395273594c694a73724a46353753786b4830325372394f6c51667455527961752b676150475350384169586174714742313370627247682f4f5931582f41475666443968344838562f456a7778705553324f6b6d6178316d3173567945694e78473653374232586644303756662b49736e3976664748564c5974755454644774724a5650515063504c4a4a2b4f31496839434b394a7a397a6d5235385976326c6d65326144715361316f576d61676a5a53377459703135342b6441333961327450634a63777563384f442b762f414e6575432b423938327166422f77586350784c2f5a5676472f63376b5149632f6974643544786868783348383676637765396a304c2b564e6b6352787335364b436679704c64743045626571672f7056447842632f5a39505a65386e792f68314e633633494d665135504d315a5850426663667a6f714c512b4e53674a376e484830502b4646614f4e775a35423851764677746f704e4a73704e306a5a57346b586a412f75413969654d2b673472792b52664d6b3434783337446a2f77445655306b7a4e4e38783346736b6c7576584f66314e456139414d6e6e38542f6e2f414172534d624b7876734d686a77426b63394d6a3663663456504770596e3563392b4f7634652f48383645556e61716e4a58702b46636e385150695a5a65436f55302b32534c556645747a44357472707a4d51717030382b5a67506b6942446637546e49584a7952642b554c4e75786b2f7441654f4c447758384d50455545786b754e553154544c753373724b324165562f334c4235434d2f4c4847446c3350417874475749466539667373776954344f2b4862764a506d366259726e3141746b376655357858784872456437712b6e617a646176657671327233316c4a486358557968533445624255565238715271572b564634376e4c456d767550396b795048374f58772f6c5962576b306d335a694f3445616a38754b356e506e5473585567344a583350576c584a4277446e2b386653764e5047576f663268725567567430635037704f68354135502f665250355636467131384e4c307535756d344d6163442f4147756748356b666c586939357131727039785a4a653341674e39644a5a78453837355833625642393848723666536943366d4b506176443974354769324566516946652f714f76366d7558314359616c385849726341374e4830667a6d4a48416b755a537159397774764a6e325965746431444749346f304177464141412b6c634834446d47735848695458756f3148565a6f6f736e4a386d3278624c7a36466f7047482b2f576374784936705650707a302f476e4b7638714655394d63397752556972782b7566302f7a394451416264725a7966623963667946534b7530645077783135482b4649716e487078302f48702f4f70565159476359366a306f4149304239786a507639632f3537314a742f4d656e516355713936647a6e2b6c55546354487239612f4b722f41494b3161464a612f4844777471705862426565486b69334c2f4530567a4c6e3634456938562b7246666e332f77414665504373747834522b4850695a52694b78764c765470474842335452704b6e2f414b4966382f657157343066457677466c45506a447779374859426472675a787a6b2b33666a466665486c6c473447315636456a674163447236656d65656f3769767a342b45462f39673851615a4d564c43327634324b6a717744686a366635417239433431473558556742774475484765704f422f6e7161336f6279522f4c76695242777a434575366635332f552f5044396f65302b7a664762785775417536385a3859413671446e3865763431632f5a362b4530337851386551527a7845364c707a4c6333386a5a436c5165497639356a7837414d6531665366786d2f5a6954346f654a6c312f5464616a3075376d6a524c6d4b614179527937514276424441673441474d4548413572302f34592f4466532f6862345868306253303877412b5a63585467423769516a6c3248627067416446414872576b61546374646a36504638665954443850557350675a587844676f4e57667557535464336f2f377472392b683036787173614b71717170387171716256474f4f42324147655079392f4576326c4e4f6e3865616c34482b48576e506e556462314a5a5a4e70356868584b6d512b774739756637682f48334753524c6546354a5a466a6a6a5573306b6a414251426b7354782b665438713472396e767772642f454878377266786976724f5664465979614c34616b6c5843764647534a705648716362665976495034613271364b33632b4c384f38716e6d4763787854587555666562383370466672386a7a5039706e39693754644f30562f45767737744a6f704c5651627a51647a5343534e554f5a494d354f2f6773593838354f3361666c506948374a666a682f42767869306d47575a6f6450316a2f41496c74794e784373585547496e3344676339743166706472545946736945357a6c5372636a48662f507258357a66744a654452384b6632676b314854346c7437432b6e67317131574962566a506d4b5a56474f4269564849783249727a7053546b34483965526a79705645666f4e354a526d56754175526a394b6e6a6a323862646f39542f6a2f414a3630376954456748336876436a305049482b6636314971687348743237676a2f384156586d374871637663692b466b6b6d6e2f744b4d697346693150776c4a6c65685a376538556a363445352f6c586e7669627846712f6866396f4c587646567a65656634493851367a2f595530524232324678626f6b45452b6579794f6b6b62644144747a327271707645436544666a4c3447317954694264503179475a56504a566252626a4139656265716567654433317a345077364872654a4c7656644e6153376c4979526354677a4d2b665553535a4239564272733531374f4b5a79636e37317339792f5a34557238493948687a2f774165383937623839746c334d6f4836563656474474786e4847426d764c5032615a62317668657476714d49677637585537324b346a444137584d786b5049362f367a4e65724b4b374937486e542b4a6e626165336d574d446637417241385233586e58676a556a6245502f487638347259735a78426f30637264456a7a2b5663705049306b686469537a484f3750664f66353145567153584e44482f4578692b7566382f6e52556d674c2f77415447493942676b44384b4b70376b732b5541764858484e545278747547427765427a7a302f772f7961534b4d746b63664d6651446e503656786e78492b4a51384b35306e534248632b49356f764d416c514e445a52747773736f7a7954744f794d66664979634a6b316264747a657a6273686e78482b4b6c74345175453058544934745438537a6f4a4444493259624b456a416e75443645384c474d4e4a32777557727871477a61473676727934754a4c33556279547a72752f75446d57346b417875593941414f46555956426741446e4c72573157427070444a4a63584e78495a7269366d62664c6353487249376457592b76414177426744465759787559636e33787a335066383638717457352f646a73657a51773670713874785931486c7978685151796b59593866647750314e66636e374e646d6c702b7a7a384e6f552b365044396c7a6a3168424a72346e30324d6d35685847546b5a3436386a6756396e66736e33583237396e50774532655939504675635a2f355a7538655038417879716f74744d356362756d645238527237796243337456507a53507649396c36667a7a2b46654266463653307474463850586433654a594332385561504c45306e557439746955714165704b4f2f5473445872336a79384e37726b73616e354946455958384d6b2f6d542b566649507830316876485869547842625153373950384b774e46624b70797261694657615754307a4771787844304c53394b375731434e32634d497554736a373938576139622b4576432b743635647435647070646c506579736579527873352f526138762f5a722b4a58672f77434a2f77414b64456d38483670486651324e724662336c733379584e724e742b5954526b3556693238673947367153446d7050326e5045437a6673302b4a627131595378367a5a3231696d4f64363363735552412f34444b612f4f7a5576422f6972396e7a786a2f777354345133556c71494e78764e462b61564a594d67744759382f76595342796d647934334b65415679625639516a546269354c6f6672476f2f6c30412f702b745368643362505872794f7566382f6a586766374c50375950685039706a532f73305958516647567648767539426d6b334630347a4c413242356b5a4858674d683459593273666f44627a3648707839425151437038326565442f6e2b74534b4d59394b42375537464e45416f3755344472522f6b30355253476b436a35675036563833663846455068334c342b2f5a573853506257373346376f45734f74784a47634862457845702f434635572f437670514b6575422b5834564471756a326576615665365866774c635746394139746351754f4a496e556f796b6534596a3861725a6a5035362f42386e326536754953334978393066555a2b754d4836312b696e67585742346938483652714d6249377a5779627476507a42634d7050584959487258777a3859766848712f37505078673158776e724d556a66595a572b7a586272745736744750376d645430327376555a2b566736395649723354396e2f34765748682f54356445313638467461376a5061334d764b49574f316b344841504c4134366b6a504e6130354b4654585a6e3468346a355456786c4b4e6568486d6c48577937624f33334a6e306c476f7a7a6e726e76324f5036666c6d755931725848314478485a2b484e4c6e4b33502f4142385839784831746f52774642374f354f4236446458472b4e506a785a4e35656b65443932736178647635555530616e79304a36625366767430786a6a6a4a5072523150784646384266444d64684744346a2b496576537159724f46544e4a4e4f3543726b41626967594142657246754258584b7047576b586f74332b682b4c59484938564b554536626457707043485639355358534d6439643335476e38574c335776694a34753054344f654339722b4976456b6f57396c7a675764726a6535636a6f504c444f65704b7267416c774b2b2b727a3459615038414476344c3654345630534479644e3850785170623773626a744f476b6334355a697a4d78376c69613450384159352f5a686c2b43506832363853654c4e6d6f66457a7843504d31533964784b317247547557316a667067664b5832384d77474d71695939612b4c47754c7050684f653241445433774d43723343342b5a767748366b5678314b6e4d334e6e3957384d3544547948417777634e5a5057543779362f4a624c79506e665648382b3464312b6150706a6a6e332f414d2f3072354b2f622b384c47627737345531354939787435357243566c484f485463677a39566672366d767257342b2b585042503464662f774264654d6674663655742f7744732f613835586638415935376136427830327942536679632f353472676a4a756432666f4d3661564e785236543444315666456e674877767175647776744b745a7a67352b5a6f6b7a79505274316443506c353739735635462b794e724839736673392b4746336c6e732f50736d39666b6c62412f4a682b646577524c2b385545454850705553566d3062516c65435a34372b307a702b6f6168704867574c5448654735752f45634f6e4e497079524663517977796a364d6859666a58742f6c4a356e3773595841564f4f3362482f31717061686f4e6e7130326d7933555a6b6654376b586c767a306c434f6f592b754137666a673971316261503567635941786a6a6a725575584e46524f647671647638475545656c2b4949776f5544563359447077304d4c5a2f504e65684b427750553831353338485a76333369793333626d532f686c4937674e6178666c393031364d712f4e79656878302f7a3372313475365235745434326245393135656732305177576b7a6e36412f34316a6c5363665166352f536e6d526e56465935436741443047522f3841587046584a475278782b762f414f7330316f5a477034665462664c6a2b36543039714b6b38507166746d66396b6b2f7052554e71344d2b472f694e385352345961545364484d463134696b544c4351623437464735456b792b704242535067763134554531343361325a684d726d5757346e6d6c616565356e63504c4e49534e7a7532426c6a74485941594147414142394a5750374c2f685854625a6f72652b31587a5a48616134755a706b6b6c754a6d2b2f4b3746636c3249355030417741425665342f5a6b7447482b6936394f6e48486e57796e3956492f6c586a564d5a436f374a6e733046436d74647a3537574171414f4d663841362f3841477031553841662f4146763838313674722f3750506958536c65537a57333165456444624e746b78302b34334a3437416d764f4a4e4d6c686d6b696b6a614f534e6972527431427a33486236477330314c593756556939694c543178634966396f634c39525831782b7944644344396d2f51486b3446724c714b4e7965416c37503350734b2b543761336458795678334f5258306a2b7a5871517466326362694563794a726d71573233484933587372666e68733132346656325050786e764a46663471654e6e38462b447463385137544e666f68467043657331314b7753464d48735a475850746b39712b6466442b692f32666f74747073307632715a6f746c786375647a545375535a5a435431334f7a73667258652f4858574272486a4c77373461586d32306d4c2b3237763038356730567176384136506b2f3443746371716c637352794b31784654565237426836667533376e6f507845385676726e374c2f774830394a7472333131614337513957466a62544d3450306c6a6a2f4b754551655334342b376a4655503752532f77424c38426150484b736a65483576456e6d5235424d596d764954466e30796a746a6a6f4b303158666b35774b353674376f33773865524f2f6338632b4a6e77466b3144566b3858654172755477393475743566745157316e4e7573306f3533704970486c532f375751704a35776554374a2b7a76384138464835644c766f2f42587878744a744b316933635166384a45747435597a6a6a3758436f79682f366178677163676c514d735a305539564a474f6e7239423738317a766a76345a2b482f6964707932757557516b614d59687649547375494f663448475342383333546c6570786e6d7168577437736a4774516a4a336a6f7a3945644c31477a317254625855644f753766554e50756f316c743779316c57574b5a434d686b645351774950554772654f656c666b743463384c2f4750396c2f564a64562b452f6953625764486b6353585769535271346c3547664d746d4f79513441486d526c5a4d656c66545877582f7743436d33677a784e4a486f33784d303234384165496f794970726752795332426667486478356b424a4c4844715655446c3636313779756a7a705533446448326879616d56426b48302f4f7165693674703369545362665539493143313158544c6c664d68764c475a5a6f5a563956645351522b507257687435352f50482b663841497045414634392f616e717537673954335038416e334835304b704f442f6e742f685431474f50656b4d2b622f77427462396b79322f616338427753615a354e70343430554d2b6c33557a46456d52734637615567634b324156622b467744774332667949314b48562f683772643934653855615865615a712b6e796556506133455a57574e6744314766546f52777749495049722b676c526e42372f77443136356e7874384b2f4276784d46735046766858522f457632556e7944716c6a484f5963344a326c675375634449484278565775724d354d526836654a6a795655666935384464573855654950464c365238506643456e6958786c504874747057773064676877725446543871344441623547436a49366b345036562f73732f73563276776531527648506a6e55592f475078507563736451624c5161647558444c4275414c506a4b6d556748616471716f7a752b697643766733515041326d66326234633054547441302f64762b79365a617832385a626a6b7167414a344850745777426e4171746c796f34734e6c7545776c5756616a443335614f5737743275396c354b79767275497a4c47724f7a425655456c6a7741414f54587a6e3851504537654a74626e7545647673796b523236394d494f682f486c76784870572f34382b4e476c2b4a4c6a57504476682b6472794c54352f736d6f33385948326435674476746f332f4149796e416b4934422b544a594f4638346d6d4d6b6d385a78362b7672584c566c396c483075477050346d5244727966727858696e375a327552614a2b7a2f71747537684a4e55757261306a44642f6e3878762f4142324d2b335376624a5a6c6774357032456a6946444979516f5a4862414a4f31514357506f6f47546e4179612b656645507758385466744b2b4d3758576647635631345138433663575853394459424e526d42493353544c79495766417a6b6c674146414833716d6e464e336651367172647556466e3968577a764c66344833627a78535277334772547957374e305a51714b5376714e796e39523272364974386c6a764744777550384150345648704f6a3250683353374c53394c745573394f73346c74376532685843786f5075714236666d65357a79613059342b6335774f6f48386a2f50382f657335506d6b3269492b374652596b4d66793564636478796174517164344a37392f536b4566793535354278362b2f77426166477033446e4a3634464f4b476f33766336483450356a3857654d59732f493056684e6b6e6b5a5356442b694438363954326450312f7a2f414a3656356a384b5938654d7645774a77725746686a3848755163666e587157335050342f7743667a2f6e5870302f685235746234325268656d5077782f6e3666353470363533416a702f6e2f7743742f6e674e687549726b53655649736e6c735933326e4f31674d6b4833352f5770674f654f75665832717a4531764479673345702f3250356e4e46532b48564f2b647568776f48356d697333754b35342b7146756c54724776474f6d6565654b574e526b63644f74537176497a7775423339663841396638416e4a7234744b78366d7752715649794d64442b50482b4e596e6954774a6f58692b4c4f715745636b2b3068626d50354a68786e3777352f41352b6c6238616b7144747963667a2f7a2b6c53717670796662734d6e394b3057676b33756541654c2f77426e32393075475335304f3462556f514d2f5a7041466d4139736350333434506f44557637504e77305877373852615a49664c6b6738573335645779436f5a496d47526a676a7a442b74652f714170412f6e587a683430766272532f453378653054545a42626170713935706b4e67543876372b2b7455742f4d783377306275542f414c42363472324d465639363069616a64534e6a795778316554785a716d762b4a3551434e5731475a72626a6b576b52386d334830325246762b426b393630565861774a3450754b39563158396d792f384c3666623276682b524e553036306853434f45375935315651464178393175414f68423942586e7431704d746a49304e78433045796350464d7052312b6f50497079714b63726e66536c434d5646486e33685877314e70337851386236744c43795158386469734473506c666245322f48726734423936376d4e65673541396575502f414b395038686c556735422f7a2f3841582f4b705668352f75716363722f6e332f774472557053754f3653736873616876396c6364562b682f702f4b72436f7a6251426c754d6366353961534d6664776666727a362f6c7a566d4f456c51463441344c476f5349754a48486e474f52366a4f422f674b786647487731384c2f455346497645576a322b6f53714d4c63344d64776d4278746c584444365a78585372454d63446a317156453744366e2b746178393356446a486d335045394c2b417669723457366b326f2f4350346b617634566d4c427a7039334b57676c626e37355562583639486a61765174482f62612b503377705659666944384f3748787a7038534866717569376f5a574839396d6944782f68355566345632436f4f63446e504763656e2b6679716542335274794d7948504242782b7462787176715a5477304a617251374c34656638464a766774343268524e56314f2b3847616778326d32316d3059706b2b6b7357394d6637785836563946654566694a34543866327a542b462f45326a2b496f51666d66544c364b34326e33327353443747766933587641766833786172485876442b6c36735758426b7537564863413963506a634f335131357672583749507736315352626a54376255664431324f566d302b394a326e74675342754f5230493656704772432b707879777a577a5030394b6c65434d4833464c58356f616238492f693534586b52664433375150696543336a4145554f6f5354546f6f41344731705758386c2f777262687476326d4a4d517438654930746a315a644d6a61547232506b6a322f6937666a576e504875592f5635396a3944377936673032796d764c79654f307334454d6b74784f34534f4e4647575a6d504141414a4a4e66427637545837586d752f467257332b4766774b2b3136745a377848726e6972535a44456f5863513055467952746a5567637a352b6249435a475457424e38415a50476b3064783853764876696a346a537876356f737451766e69735650744172454438434d3136666f75683664346230754c54744a734c665337434d356a74624f49525271656d5146786b2b353539366d56574b324e3665466437794d7a34652b487276776a345873394d754259515257797248425a365a4579775730594833413748664b32636b794d4633466a386f7a58534c4738693534783963442f504e4a47684c714344744a47617437566a7877635a342f7a394b3435533175647a3931575131455750626738347a6b4e7a3961664e63513246755a3771614b327430487a537a4f49305565704c45414436314973627332455573543278312f4956354a38534c2b653431713474395a75394e6a30654b52587437613631713173314c4c6e61354377797a6c6753635932343578546a486d314a33315a312b6f66466e772f703975303975387570776a70645779694b3150622f6a356d5a49534d39315a717a37667878346c3855664c70476d4d73486162533476746245394469346e456475755056524e3741317876682b4e70727a7a76447668395a7230746b33326e65484c71396d322f396638417154784a6a365a41394b33395374722b2b6a7547312b3873625a59782b39506958785a386941396d7462515278343478686e4935493572617952466a72664356753168727a77366a643662467138384a5a7253545558763951645267376d647469786f4f364a48744f52676a4172756b6a4148493965442b46655765432f45326a32557754533966302f564c56536439683452384e79474e6a676a6d5350663635427a587179595a566242514d41634f75434f2f4937477032304b314f692b464c68764748695a4d6b374c4b772f5672673133506937784c6265432f436573612f65497a32326d576b743236526a4c5073516e616f7a7953654150556976502f41494c715a7646336a7563416259337362584f50346c747a4952394d53722b5a7076786931622b33722f38413452654e486130747255332b6f4f51516863686862525a376e63476c49485152706e37777276683773566338795565617059367634527a79616c384d2f4465707a786947373153796a314f36555a2f3138362b624a31352b383766544146646674503431794877626d2b3066434877524c3033364a5a48312f7743574356324946614744334e33773676376d592b7241667052552b68526a374354335a6a5257623345655068647a45597a31782f3841712f4f706c583567534d6e726a726a6e2f442f504e497556376b66686a2f503039716b57504141783666674b2b50505442464b34423550662f5034564971347051765544705569782f676666743171307269624556506c4a786e765869486a447766637a667461654237315748396c58576b7a337433466a4f5a3748656b427a30482f482b66384176325051313771713838444a363031724f336b76494c74345933754c6457574b646c473546626276436e7141514679505956305533794d535a4c747831372f6b6364616f3637345630767852622b5471646c4864426541354748512b71734f52302f794b306f347a6e6a365a2b67782f6a55716f4f68474278782f5371516b7a784c78543841353453302b68334832714d6638414c7464454c4b76737263427678783954586c2b702b4862725362673239376253326c7743663355793754332f414448586b5a466659432b2f57717572614c593639612f5a745174496279484f5173794137543667396a3769746f795a74477262535238656931323842736b39654f6672566a61546a6a6a466532654a7667506e644e6f6c307672396c7579523763506a384f522b4e6566367038503964306e65627653626d4a4f5357574d4f7550384165544946624a6f364979684c573579345842414977543349357164522f434f50706d7250325232794279656334374870312f7a316f467579352b5848317a56584e755a45536f63382f674b734c4756624765632f31782f6b3071777575546e41373834394f2f38416e7056694f457133417963635948482b662f72306a4f55726a593439767a62637432782f39617243776854313364683370304d624c6a485035653355314e47703267714d385a47526a2f502f414e6632703249746341754d376878314a482b482b656c537170373950382f3455766b6e4858626a6f546e6a6a697031675a6a67726a507278544e4e45527167585047306363446a502b52556b4d586d4d4d67376655564a396c6b335a343639686e394b7477323779416b714e704843342f7a6e745236436c4c53364762523876384948412f77724e317a784e702f6830774c647265535454354d634e6c597a58556a42657032786f32414d39546974314c4d4e6a7231396672566d4f325a56783930642b54785246647a46647a7a76574e57755047576d7670773842617866326273472f77434a6c635261664578423433447a504d786b39437550616c30547750726d6d715470466c345238467152674854644e6139754636663874474d4b3539797072307143784c45425163743056527966705733702f677656727a6d485462676a316464674834746974564a624947306c71655661683849395038544d44346d31725876457137634743363142726532622f7468622b5768352f76427671613164422b466e67337775554f6b2b45394630396c49784a44595237386a6f643542596e366d76594c583457367249415a50733850504f36544a483543704e632b48363644704c585574324a5a74796f7361523751636e31504e484e4c6f517077756353575a6b5653547337413942527432715431502b6653753538442b446c3165384e7a63524132554a775650486d4e32583663382f675058484b333974737670593834416b5a5051446b6a384b6d39793479562b5566384f64577466434868767839346775306b654a645964684847415a4a536c76627770476737737a714655657241566b616644657a525454616d7766564e516b613476476a4f5657527746434c2f736f6f564639516750556d76502f4149552b4b3566696c704d3035745a6f4e4230627844716331744d35776d6f5842754a466a6c55663349596d4b676e67794d53503957445870305941594848336662332f414d2f357a58544f5430676a4b464e61795a325077542f35493734492f7743774c5a6a2f414d677258624b4f6561347a344c71462b442f676e302f736530782b4d613132364c312b6c6470356a57724f6d306c4e756e52636463742b424a2f7a2b4e46463166576e682f513572322b6e533373724b33616565647a67496971575a6966595a6f7248532b6f4b373252354371386e3336342f4370414f3366716158425046534c486e7230392f5446664a70486f4e67712b7657704931363834507453726b65705036303956375942342f50742f68577952497172387741366476382f51564a476e5139434f67362f3537304b6d31756666742b664834564b71592b763463316151675651434d442f36315048796a41346f4170635a393630534153704655726e6a6e474d642b61465546526b666a2f6e384b6c436a706a6e39656f36656e4f616f514b506d343462747a2f6e2f5036765831786a48492f512f792f6c51713768366a322b672f2b7638416e376353717655353478312f45382f53715341784e593845364c3467793137703054796e6a7a6f2f6b6b2f373647445845366a38436f4759767032704d696b663675366a4439763777776630723152563448626f547837552f4658716934796c485a6e694d6e77563131574f3261786b3547473831682b6d7a362f6e522f77706e58736b483747772f7743766b6a3850752f352f4f76622f41487034556a3148366635373037737632306b654872384739663841376c6d666237516658335770342f673772653035577a4237663651534f6e5837767458746d417654742f3841582f7746504752312f4c3876382f6c515136306a786d50344e367a754259324b34352f31782f3841696672563648344e366932504d753752427a6b4c75627639422f6b31367a74392b4d482f41442f4f6e2f652f50742b564466516a32736d655a512f426d5465766e616e487448473159574a2b674a622b6c6131723848394e69494d743764536e2f5a434b503547753656534d6e765436615250744a647a6d4c6634623644623763327279376638416e704b78422b6f4272557476444f6b326d504a303232517230506c416d744f6c703643357050646b63567646442f7134306a2f33564171576a465052652f70576956397843666a2f414a785850654d724e39556b302f546f674130736a4f547a685641414a50747a2f4b756b2b6e706e705456743046305a2b7375304a6e72675a37666a2f4b71656f4a3264786d6e324d4f6d323856744175324e4f414f2b5365536666722b6466503378476a314f54547457673064517571584450627753747773444f78557a483252535778334b3437313946522f655548702f2b7176457459586471463136475a79502b2b6a54576a527453335a7976686e7772702f67337733707568615848396d3037546f567434554a79646f366c765669636b6e755354576a6579705a366663334568324a4443386a4832436b382f6c56364f333345676d7578384d654759346450754e5a7656784644444a4a4447773946507a4565673578363965777033737a6f6c4a52527a586848556a6f6e375076677137592b577a6162704d594c453544534e416e2f414c5058713974435a627049674d3566474363392f7744396465452b4b744e6b385166443777543453745a5a62564c4378307657377434674f467470725977517436655a4b43667041342b6e7656766657756b7464366c667a4a61324e6a444a637a54794542593055456c6d505941412f6c586f4b5361504c6b75706a2f46574e664532337733484f7977327361617471434952683430592b5243334f6472796f5750427973444b65476f71353466737072375237322f76496d697674594c584d736367773061734d52524d4d6e42534d497041344c626a336f727a5a536e4c574a30516169724d354a4548414977525571385950346e48352f3070416f35485448582f41442f6e705431585048762f414a2f7a7a586b4a574e4256587436636366353976302f4b56562f586a2b66742f6e696b565274474f68505836382f352f77447256496f376b62574e6157415651527833504a703447425232706635316f6b49464734675649716a394b4554726e36484e537176544f6666502b66384150386e714954626a49362b702b6d372f4141715462317950722f4c2b662b655452744f3342354f50382f302f7a316b322f4d526e71542f6e387636566151422f466e4850502b66355539564950734f6e39614658634f526a7636663536302b72414b55444e412f4b6e6f7556353666352f77414b514171484849782f6e2f367871544862702f6e422f72536a4f5233502b66384150346d6c554144323966622f41442f4d304762594433366466656e4b7553503566512f2f4146365144636f48636a702b465362533254363839503841507454386844565864775054307159556d3362774f425471704b77676f6f706159306770635543704658756567713478367359675838716346342f7a36556253654254786e6a6a6e502b46574b34633776312f7a2f6e76514236443666352f7a316f43394d66682f6e3876317077484841342f7a2f6950796f454b672b5966582b7638416e38363857314666394f75427950336a667a4e65313443386e6a48502b6638415061764e4e46384f5361357162736378774b3561535263397a304875662f72304e47744e3275324e38492b457a716b77754c684e746d68354854653250756a2b70727166694e356b66773938534c624b717a6e544c684956504133474d716f397553746444623238647244484643676a6a55425656656748482f3136354c347565476459386166442f557442305337585437335548677433756d4f444462744b6e32686c79434e3469387a614d666532394f744a713058596a6e35704a7334754b786b7476425771617736714471327161645a576530354b324d64784442454166526a35736f39504f3971367a784778313756744e384c7241747862586b68764e55445a32697a694f524763635a6b6d614e6472634d6954656c532b4f34624f79736644476c346a743745616a44387034564937654a357839414443763556582b4539714e5573372f7741615451736c7a346b614f61447a5649654f776a42466f6842414b35566d6d4b6e6c576e6356727a614e50722f58366b36626e654471442f6e714b4b4e6f58362f352f77412f6a52533943447a6856353536642f58714f6e747855797238774137485048502b662f313069786e6a4935362b77715255444435686e3133415635435231695271634450422f6c55676f706576474f61306a47326f72686a504653497550722f2b756c565279527a6a715058716636564a7436385a342f70782f543950576e7549525643714165674850482b66386a3870565571772f76662f414b732f6e2f6837556755485050427a2f496e2b522f6e556d33714477542f694d315369415272302f77426e70313950382f3536766a5435567a324647303767667231702b4d6341597139674467634467556f4761414d394b6b57504b6a503555426346553954782b482b66536e67444850547550792f2b762b56432f4e7a2b503876382f6c546c39503841502b6638614c476259592f41395439662f7742644f786a48482b542f41505770562b5838386e394b63716e6a302b6c4d6b465864337154614f33486167444854696c716b4155744a5330786f4b576c417036714f2f5374497874714d5263564a7a74365978782f536b326b643848314e4c6a2f4371454c67354f656565333566352f436a47635a372f774366382f3841363656657836662f414b782f39656e4b7666702f6b55496b46586b63642f362f352f7a30634d5948484750382f774171554470327852322f7a78312f7a2b4655535158307257396a4d3667732b3343723673636766716162706d6e7070746a44624a6a4b6a4c734f3748716174375431783730356c4863342f774134703231754f2f51627435362b39494231412b6c503272364472526b62654f67394b42486a487857682f774345302b4c76684c774d59586e302b35306d2f764e597751456a732f4d67546177376d623534682f73744b65316579374e763351426a6f415030726c66436c764871486937785872686743753030576c517a5a2f316b4e7570592f6c4e4e4f76384177477573776677724f4f7433334c6c306a3245326a62317950722f6e2f4a6f70314661637957356e633838564d64686e2f77437454774b4b5544304761387848574367743071534f507638416d5038415034557172676744314874332f537046586a4f426a722b672f77416638385562694144646e6e6a2f4150562f39616e716e7231372f6c2f3963554b703450662f414f742f2b7570565870334848396130534154626e4a2f7a2f6e4e536252394d2f68534c48794f65677854366f4170527a536866583139616b5664762b655038396141754971394d38436e34503435372f774366725367642f774450622f503455716a7350703639715a6e6355412b6e3466685476756a3137352f542b56414134783950312f7a2b56505641793549366a2f50394b4351575031342b6c506f3765744c5657734155556f6f6f3359777077464147616b474150632b74624a5747437230344f663841502b667870657036673059476655306f2f5838756638346f4548585070366668547476662b6c473373443950312f78465058424f63652b4b5a4c45436a384f6e48342f3071515a334534353961526565657638412b7638412f5854683635352f5531524963666b4f394f586a67383041644b6474702b676876583639365848745330744f7744635559703146484b41794f464956326f716f7553634b4d636b354a2b7553667a70394646554d4b4b4b4b42486e33587031715655417a6b6a46496748626e2b76742b6c5368666c786e49376e3135502f312f3072795471414c786a3134482b48366e2f4f4b6b48726a36666e312f5768563639796566353149716a7231482b6636667a3936714d5145483368396635663841312f3531494634415062743655494f2f5a7565744f72514170564761422b6c53786a707a36667a2f414d2f6a5144425648584849353470796a2f502b6638395077463766682f542f41424e4f554874313976792f6e515a7468376635376634483871666a72337a782f6e326f56656e31342f502f414f762f41507170367278794f334e4d6b465831343539657450356f464c567251515574464c527557464c6a696c483630395648516331716c594156667a2f4f6c397a3137476c39666632363866352f4f6c41392b7663557843637439663841502b4e50556276782f77412f31704637592f7a302f774472663536794b4f6e76516b5378416f376a2f5038416b6d6e414875507278373071723037644b56563436443950787179526541426b593971554474307063452f6e533057454c525252566746464646414252525251415555555541464646464148454c786a64302f7a7a2f502f4144696e4b702f547437597a5274343965332b66666e38366c3239546a7631362b763841674b3874524f6f5256364850662f3841582f5770465870313436554b70483170324b7341705175614b6c56656e47302f72317067324371416666702b762f316a2b644f48623966382f542f504e4b76505062322f7a2b482f414f716c37482b6e30706d6477786b5937386a2b6450783833622f4a2f7744315545597a363039563579663555626b6971765450627054714b577273494b57696c412f436a636f4b63712b6c4876556e4372785771566867767939447a3755593965507166616c436b4e796344702f6e39615848487051494150384136314c6a6a6a6a302f77412f6c53686366352f7a375539567830352f7a2f3841577070453341664c2b665438616474376454302b7657676366582f502b464b71394f2f70366454566b6746397165713055366751555555565942525252514155555555414646464641425252525141555555554163656f2b59652f50542f5074543154485030346f6f727a6b645348557446464d5a49713435715462314148742f4d66342f7743656852515a4e6a6831396966363035632b2b6366304e46464d52497168635537765252566b69307446464251745055642b6e616969744972515935547a2f682f6e3370324d4c362f352f77447248394b4b4b596d4c6e4a2b702f7253347a2b58662f5076525254455048632f58763966386164312f4c2f503878525256645342565050342f352f6e543976792f3430555578433036696971514252525254414b4b4b4b414369696967416f6f6f6f414b4b4b4b414369696967442f2f5a);
/*!40000 ALTER TABLE `photos` ENABLE KEYS */;

-- Dumping structure for table forum_system.posts
CREATE TABLE IF NOT EXISTS `posts` (
                                       `id` bigint(20) NOT NULL AUTO_INCREMENT,
                                       `title` varchar(100) NOT NULL,
                                       `content` text DEFAULT NULL,
                                       `user_id` bigint(20) NOT NULL,
                                       `date_created` datetime NOT NULL DEFAULT current_timestamp(),
                                       PRIMARY KEY (`id`),
                                       KEY `posts_users_fk` (`user_id`),
                                       CONSTRAINT `posts_users_fk` FOREIGN KEY (`user_id`) REFERENCES `users` (`id`)
) ENGINE=InnoDB AUTO_INCREMENT=13 DEFAULT CHARSET=latin1 COLLATE=latin1_swedish_ci;

-- Dumping data for table forum_system.posts: ~12 rows (approximately)
/*!40000 ALTER TABLE `posts` DISABLE KEYS */;
INSERT INTO `posts` (`id`, `title`, `content`, `user_id`, `date_created`) VALUES
    (1, 'The Art of Mindfulness', 'Mindfulness is the practice of being present in the moment and fully engaged in what you are doing. By cultivating mindfulness, you can reduce stress, improve your focus, and increase your overall well-being.', 1, '2023-01-01 12:00:00'),
    (2, 'Exploring the World of Virtual Reality', 'Virtual reality is a technology that allows users to experience immersive environments that look and feel like the real world. From gaming to education to therapy, virtual reality is being used in a wide variety of applications.', 6, '2023-02-10 10:00:00'),
    (3, 'Mastering the Basics of Cooking', 'Cooking is a fundamental life skill that can bring joy and nourishment to yourself and others. By learning the basics of cooking, you can expand your culinary repertoire and impress your friends and family.', 6, '2023-02-10 15:30:00'),
    (4, 'Discovering the Wonders of the Solar System', 'The solar system is home to a fascinating array of planets, moons, asteroids, and comets. By exploring the wonders of the solar system, you can gain a deeper appreciation for our place in the universe.', 7, '2023-02-11 10:00:30'),
    (5, 'Building a Successful Online Business', 'The internet has opened up countless opportunities for entrepreneurs to start and grow their own businesses. By learning how to build a successful online business, you can create a source of income and freedom for yourself.', 8, '2023-02-11 15:35:00'),
    (6, 'Navigating the Challenges of Parenthood', 'Parenthood is a rewarding and challenging experience that requires patience, compassion, and resilience. By learning how to navigate the challenges of parenthood, you can raise happy, healthy children and create a loving family', 8, '2023-02-15 13:40:30'),
    (7, 'The Power of Positive Thinking', 'Positive thinking is a mindset that focuses on seeing the good in every situation and believing in your own abilities. By harnessing the power of positive thinking, you can overcome obstacles, achieve your goals, and live a happier life.\n"Exploring the History of Ancient Civilizations', 9, '2023-02-15 20:25:35'),
    (8, 'Exploring the History of Ancient Civilizations', 'Ancient civilizations like Egypt, Greece, and Rome have left behind a rich legacy of art, architecture, literature, and philosophy. By exploring the history of ancient civilizations, you can gain a deeper understanding of the human experience and the roots of our modern culture.', 8, '2023-02-16 12:36:58'),
    (9, 'Achieving Peak Physical Fitness', 'Physical fitness is a key component of a healthy and fulfilling life. By setting fitness goals and following a disciplined training regimen, you can achieve peak physical fitness and enjoy the many benefits that come with it.', 10, '2023-02-17 12:05:25'),
    (10, 'Unlocking the Secrets of the Human Mind', 'The human mind is a complex and mysterious thing that has fascinated philosophers, scientists, and artists for centuries. By unlocking the secrets of the human mind, you can gain insight into your own thoughts and emotions, as well as those of others.', 8, '2023-02-18 12:25:39'),
    (11, 'Some title posted by deleted user', 'Lorem Ipsum is simply dummy text of the printing and typesetting industry. Lorem Ipsum has been the industry\'s standard dummy text ever since the 1500s, when an unknown printer took a galley of type and scrambled it to make a type specimen book.', 13, '2023-02-20 12:40:25'),
    (12, 'Another random title', 'Sed ut perspiciatis unde omnis iste natus error sit voluptatem accusantium doloremque laudantium.', 14, '2023-02-23 12:58:01');
/*!40000 ALTER TABLE `posts` ENABLE KEYS */;

-- Dumping structure for table forum_system.posts_tags
CREATE TABLE IF NOT EXISTS `posts_tags` (
                                            `post_id` bigint(20) NOT NULL,
                                            `tag_id` bigint(20) NOT NULL,
                                            PRIMARY KEY (`post_id`,`tag_id`),
                                            KEY `posts_tags_tags_fk` (`tag_id`),
                                            CONSTRAINT `posts_tags_posts_fk` FOREIGN KEY (`post_id`) REFERENCES `posts` (`id`),
                                            CONSTRAINT `posts_tags_tags_fk` FOREIGN KEY (`tag_id`) REFERENCES `tags` (`id`)
) ENGINE=InnoDB DEFAULT CHARSET=latin1 COLLATE=latin1_swedish_ci;

-- Dumping data for table forum_system.posts_tags: ~6 rows (approximately)
/*!40000 ALTER TABLE `posts_tags` DISABLE KEYS */;
INSERT INTO `posts_tags` (`post_id`, `tag_id`) VALUES
                                                   (1, 1),
                                                   (2, 4),
                                                   (4, 1),
                                                   (6, 1),
                                                   (6, 3),
                                                   (12, 2);
/*!40000 ALTER TABLE `posts_tags` ENABLE KEYS */;

-- Dumping structure for table forum_system.tags
CREATE TABLE IF NOT EXISTS `tags` (
                                      `id` bigint(20) NOT NULL AUTO_INCREMENT,
                                      `name` varchar(16) NOT NULL,
                                      PRIMARY KEY (`id`),
                                      UNIQUE KEY `tags_pk` (`name`)
) ENGINE=InnoDB AUTO_INCREMENT=6 DEFAULT CHARSET=latin1 COLLATE=latin1_swedish_ci;

-- Dumping data for table forum_system.tags: ~5 rows (approximately)
/*!40000 ALTER TABLE `tags` DISABLE KEYS */;
INSERT INTO `tags` (`id`, `name`) VALUES
                                      (2, 'concept'),
                                      (5, 'focus'),
                                      (3, 'global'),
                                      (1, 'knowledge'),
                                      (4, 'product');
/*!40000 ALTER TABLE `tags` ENABLE KEYS */;

-- Dumping structure for table forum_system.users
CREATE TABLE IF NOT EXISTS `users` (
                                       `id` bigint(20) NOT NULL AUTO_INCREMENT,
                                       `first_name` varchar(32) NOT NULL,
                                       `last_name` varchar(32) NOT NULL,
                                       `email` varchar(50) NOT NULL,
                                       `username` varchar(50) NOT NULL,
                                       `password` varchar(50) NOT NULL,
                                       `join_date` datetime NOT NULL DEFAULT current_timestamp(),
                                       PRIMARY KEY (`id`),
                                       UNIQUE KEY `users_pk2` (`email`)
) ENGINE=InnoDB AUTO_INCREMENT=15 DEFAULT CHARSET=latin1 COLLATE=latin1_swedish_ci;

-- Dumping data for table forum_system.users: ~14 rows (approximately)
/*!40000 ALTER TABLE `users` DISABLE KEYS */;
INSERT INTO `users` (`id`, `first_name`, `last_name`, `email`, `username`, `password`, `join_date`) VALUES
    (1, 'Admin', 'Admin', 'admin@mail.com', 'admin', 'admin', '2023-01-01 00:00:00'),
    (2, 'Anonymous', 'Anonymous', 'anonymous@mail.com', 'anonymous', 'anonymous', '2023-01-01 00:00:00'),
    (3, 'Reserved1', 'Reserved1', 'reserved1@mail.com', 'reserved1', 'reserved1', '2023-01-01 00:00:00'),
    (4, 'Reserved2', 'Reserved2', 'reserved2@mail.com', 'reserved2', 'reserved2', '2023-01-01 00:00:00'),
    (5, 'Reserved3', 'Reserved3', 'reserved3@mail.com', 'reserved3', 'reserved3', '2023-01-01 00:00:00'),
    (6, 'Alexandra', 'Silcock', 'asilcock0@dailynews.com', 'asilcock0', '5JHqhCU9kBa', '2023-02-01 00:00:00'),
    (7, 'Margot', 'Rashleigh', 'mrashleigh1@rambler.ru', 'mrashleigh1', 'CclF2M7XY', '2023-02-02 00:00:00'),
    (8, 'Brian', 'Mussalli', 'bmussallij@purevolume.com', 'bmussallij', 'X0faOXpF', '2023-02-03 00:00:00'),
    (9, 'Orion', 'Wahner', 'owahnert@tinyurl.com', 'owahnert', 'qXO84K7', '2023-02-04 00:00:00'),
    (10, 'Reed', 'Flynn', 'rflynn12@php.net', 'rflynn12', 'GyDuVGTRVpq', '2023-02-05 00:00:00'),
    (11, 'Simple', 'Simple', 'simple@mail.com', 'simple', 'simple', '2023-02-10 00:00:00'),
    (12, 'Test', 'Test', 'test@gmail.com', 'test', 'test', '2023-02-10 00:00:00'),
    (13, 'Deleted', 'Deleted', 'deleted@mail.com', 'deleted', 'deleted', '2023-02-20 00:00:00'),
    (14, 'Tester1', 'Tester1', 'tester1@mail.com', 'tester1', 'tester1', '2023-02-20 00:00:00');
/*!40000 ALTER TABLE `users` ENABLE KEYS */;

/*!40101 SET SQL_MODE=IFNULL(@OLD_SQL_MODE, '') */;
/*!40014 SET FOREIGN_KEY_CHECKS=IFNULL(@OLD_FOREIGN_KEY_CHECKS, 1) */;
/*!40101 SET CHARACTER_SET_CLIENT=@OLD_CHARACTER_SET_CLIENT */;
/*!40111 SET SQL_NOTES=IFNULL(@OLD_SQL_NOTES, 1) */;
